"ID","Description","GeneRatio","BgRatio","RichFactor","FoldEnrichment","zScore","pvalue","p.adjust","qvalue","geneID","Count"
"GO:0048499","synaptic vesicle membrane organization","4/32","37/18986",0.108108108108108,64.1418918918919,15.7962921087491,4.22039761790179e-07,0.000110845367240422,8.60224109027833e-05,"CPLX2/SYP/RPH3AL/RAB3A",4
"GO:0140029","exocytic process","5/32","92/18986",0.0543478260869565,32.2452445652174,12.3437108045341,4.3468771466832e-07,0.000110845367240422,8.60224109027833e-05,"CPLX2/SYP/PPFIA3/RPH3AL/RAB3A",5
"GO:0016079","synaptic vesicle exocytosis","5/32","102/18986",0.0490196078431373,29.0839460784314,11.6853324392263,7.27544511559385e-07,0.000123682566965095,9.59848197706417e-05,"CPLX2/SYP/PPFIA3/RPH3AL/RAB3A",5
"GO:0048167","regulation of synaptic plasticity","6/32","220/18986",0.0272727272727273,16.18125,9.30599614559348,1.59295016042572e-06,0.000199085313786131,0.000154501708944448,"CPLX2/SYP/CAMK2B/PPFIA3/CYP46A1/RAB3A",6
"GO:0048172","regulation of short-term neuronal synaptic plasticity","3/32","15/18986",0.2,118.6625,18.7313224878877,1.95181680182481e-06,0.000199085313786131,0.000154501708944448,"SYP/PPFIA3/RAB3A",3
"GO:0048168","regulation of neuronal synaptic plasticity","4/32","60/18986",0.0666666666666667,39.5541666666667,12.2898725610273,3.0326125358654e-06,0.000257772065548559,0.000200046019909718,"SYP/CAMK2B/PPFIA3/RAB3A",4
"GO:0007269","neurotransmitter secretion","5/32","146/18986",0.0342465753424658,20.3189212328767,9.62827979378126,4.27652588797995e-06,0.000272628525358722,0.00021157549130006,"CPLX2/SYP/PPFIA3/RPH3AL/RAB3A",5
"GO:0099643","signal release from synapse","5/32","146/18986",0.0342465753424658,20.3189212328767,9.62827979378126,4.27652588797995e-06,0.000272628525358722,0.00021157549130006,"CPLX2/SYP/PPFIA3/RPH3AL/RAB3A",5
"GO:0031630","regulation of synaptic vesicle fusion to presynaptic active zone membrane","3/32","21/18986",0.142857142857143,84.7589285714286,15.7795345588969,5.66622080096707e-06,0.000288977260849321,0.000224263054859328,"CPLX2/RPH3AL/RAB3A",3
"GO:1901632","regulation of synaptic vesicle membrane organization","3/32","21/18986",0.142857142857143,84.7589285714286,15.7795345588969,5.66622080096707e-06,0.000288977260849321,0.000224263054859328,"CPLX2/RPH3AL/RAB3A",3
"GO:0031629","synaptic vesicle fusion to presynaptic active zone membrane","3/32","32/18986",0.09375,55.623046875,12.7066282495467,2.08665757329508e-05,0.000914973446783418,0.000710072272426347,"CPLX2/RPH3AL/RAB3A",3
"GO:0099500","vesicle fusion to plasma membrane","3/32","33/18986",0.0909090909090909,53.9375,12.5057939285177,2.29269608975502e-05,0.000914973446783418,0.000710072272426347,"CPLX2/RPH3AL/RAB3A",3
"GO:0006836","neurotransmitter transport","5/32","209/18986",0.0239234449760766,14.1940789473684,7.88077575639721,2.4359886096899e-05,0.000914973446783418,0.000710072272426347,"CPLX2/SYP/PPFIA3/RPH3AL/RAB3A",5
"GO:0031338","regulation of vesicle fusion","3/32","34/18986",0.0882352941176471,52.3511029411765,12.3137848843622,2.51169181469958e-05,0.000914973446783418,0.000710072272426347,"CPLX2/RPH3AL/RAB3A",3
"GO:0099504","synaptic vesicle cycle","5/32","222/18986",0.0225225225225225,13.3628941441441,7.61313932132446,3.25261180564468e-05,0.00110588801391919,0.000858233009770104,"CPLX2/SYP/PPFIA3/RPH3AL/RAB3A",5
"GO:0045055","regulated exocytosis","5/32","229/18986",0.0218340611353712,12.9544213973799,7.47815503378231,3.77256890976576e-05,0.00120250633998784,0.000933214414521003,"CPLX2/SYP/PPFIA3/RPH3AL/RAB3A",5
"GO:0099003","vesicle-mediated transport in synapse","5/32","258/18986",0.0193798449612403,11.4983042635659,6.9761074270391,6.64880532218291e-05,0.00199464159665487,0.00154795715240915,"CPLX2/SYP/PPFIA3/RPH3AL/RAB3A",5
"GO:0000381","regulation of alternative mRNA splicing, via spliceosome","3/32","57/18986",0.0526315789473684,31.2269736842105,9.39070314207314,0.000119622980801875,0.00329636762465849,0.00255817177888874,"CELF3/NOVA1/CELF5",3
"GO:1903044","protein localization to membrane raft","2/32","10/18986",0.2,118.6625,15.2920457132883,0.000122805852683356,0.00329636762465849,0.00255817177888874,"REEP2/CYP46A1",2
"GO:0000380","alternative mRNA splicing, via spliceosome","3/32","75/18986",0.04,23.7325,8.10495178959784,0.000270434935553189,0.00671176164653285,0.0052087149207355,"CELF3/NOVA1/CELF5",3
"GO:0021700","developmental maturation","5/32","350/18986",0.0142857142857143,8.47589285714286,5.80030180420543,0.00027665090678666,0.00671176164653285,0.0052087149207355,"ACTL6B/SYP/CAMK2B/RAB3A/REC8",5
"GO:0006887","exocytosis","5/32","360/18986",0.0138888888888889,8.24045138888889,5.69884631163943,0.000314981152288497,0.00671176164653285,0.0052087149207355,"CPLX2/SYP/PPFIA3/RPH3AL/RAB3A",5
"GO:0030317","flagellated sperm motility","4/32","196/18986",0.0204081632653061,12.1084183673469,6.42313019678797,0.000315847606895663,0.00671176164653285,0.0052087149207355,"ODAD3/CELF3/DNAI1/PACRG",4
"GO:0097722","sperm motility","4/32","196/18986",0.0204081632653061,12.1084183673469,6.42313019678797,0.000315847606895663,0.00671176164653285,0.0052087149207355,"ODAD3/CELF3/DNAI1/PACRG",4
"GO:0060294","cilium movement involved in cell motility","4/32","215/18986",0.0186046511627907,11.0383720930233,6.08231161427225,0.000448401249873023,0.0089243790903001,0.00692583392766323,"ODAD3/CELF3/DNAI1/PACRG",4
"GO:0001539","cilium or flagellum-dependent cell motility","4/32","218/18986",0.018348623853211,10.8864678899083,6.03240180647613,0.000472467128310005,0.0089243790903001,0.00692583392766323,"ODAD3/CELF3/DNAI1/PACRG",4
"GO:0060285","cilium-dependent cell motility","4/32","218/18986",0.018348623853211,10.8864678899083,6.03240180647613,0.000472467128310005,0.0089243790903001,0.00692583392766323,"ODAD3/CELF3/DNAI1/PACRG",4
"GO:0036158","outer dynein arm assembly","2/32","24/18986",0.0833333333333333,49.4427083333333,9.75712383898755,0.00074219043416529,0.0135184686222964,0.0104911129039906,"ODAD3/DNAI1",2
"GO:0048169","regulation of long-term neuronal synaptic plasticity","2/32","25/18986",0.08,47.465,9.55201901799171,0.000805880565221976,0.0141723823539037,0.0109985877503979,"SYP/CAMK2B",2
"GO:0016188","synaptic vesicle maturation","2/32","26/18986",0.0769230769230769,45.6394230769231,9.35870875932438,0.000872119482771714,0.0146093061421727,0.0113376658605922,"SYP/RAB3A",2
"GO:0003341","cilium movement","4/32","258/18986",0.0155038759689922,9.19864341085271,5.44798624179596,0.000888016647857555,0.0146093061421727,0.0113376658605922,"ODAD3/CELF3/DNAI1/PACRG",4
"GO:0048024","regulation of mRNA splicing, via spliceosome","3/32","114/18986",0.0263157894736842,15.6134868421053,6.43023975823568,0.000921073179240311,0.0146796037941425,0.0113922209011302,"CELF3/NOVA1/CELF5",3
"GO:0006906","vesicle fusion","3/32","128/18986",0.0234375,13.90576171875,6.01964199438192,0.00128687502820968,0.0195713043366081,0.0151884632209796,"CPLX2/RPH3AL/RAB3A",3
"GO:0023061","signal release","5/32","493/18986",0.0101419878296146,6.01736815415822,4.63794501455522,0.00130475362244054,0.0195713043366081,0.0151884632209796,"CPLX2/SYP/PPFIA3/RPH3AL/RAB3A",5
"GO:0090174","organelle membrane fusion","3/32","130/18986",0.0230769230769231,13.6918269230769,5.96624226317086,0.00134556272887141,0.0196067711921262,0.0152159875505458,"CPLX2/RPH3AL/RAB3A",3
"GO:0050684","regulation of mRNA processing","3/32","136/18986",0.0220588235294118,13.0877757352941,5.81286213212283,0.00153166993934317,0.0216986574740282,0.0168394121986267,"CELF3/NOVA1/CELF5",3
"GO:0006904","vesicle docking involved in exocytosis","2/32","39/18986",0.0512820512820513,30.4262820512821,7.55835561130812,0.00196144592211666,0.0263246689547236,0.020429464451963,"CPLX2/PPFIA3",2
"GO:0017158","regulation of calcium ion-dependent exocytosis","2/32","39/18986",0.0512820512820513,30.4262820512821,7.55835561130812,0.00196144592211666,0.0263246689547236,0.020429464451963,"RPH3AL/RAB3A",2
"GO:0070286","axonemal dynein complex assembly","2/32","41/18986",0.0487804878048781,28.9420731707317,7.35924227911106,0.00216600587007345,0.0283246921471143,0.0219815980336739,"ODAD3/DNAI1",2
"GO:0008277","regulation of G protein-coupled receptor signaling pathway","3/32","160/18986",0.01875,11.124609375,5.28431979536187,0.00243487158266669,0.0310446126790003,0.0240924135548073,"APLP1/SYP/RPH3AL",3
"GO:0003351","epithelial cilium movement involved in extracellular fluid movement","2/32","46/18986",0.0434782608695652,25.7961956521739,6.91837079646662,0.002719606040174,0.0338292458655791,0.0262534498358261,"ODAD3/DNAI1",2
"GO:1903307","positive regulation of regulated secretory pathway","2/32","47/18986",0.0425531914893617,25.2473404255319,6.83855538462336,0.00283749722197064,0.0344553234096435,0.026739322192004,"RPH3AL/RAB3A",2
"GO:0048284","organelle fusion","3/32","172/18986",0.0174418604651163,10.3484738372093,5.06050924160776,0.00298769769459073,0.0349110629860902,0.0270930024412176,"CPLX2/RPH3AL/RAB3A",3
"GO:0006376","mRNA splice site recognition","2/32","49/18986",0.0408163265306122,24.2168367346939,6.68613820727037,0.00308038791053737,0.0349110629860902,0.0270930024412176,"CELF3/CELF5",2
"GO:0006858","extracellular transport","2/32","49/18986",0.0408163265306122,24.2168367346939,6.68613820727037,0.00308038791053737,0.0349110629860902,0.0270930024412176,"ODAD3/DNAI1",2
"GO:0017157","regulation of exocytosis","3/32","183/18986",0.0163934426229508,9.72643442622951,4.87392288118797,0.00355731999276708,0.039439852093722,0.0306076045144262,"CPLX2/RPH3AL/RAB3A",3
"GO:0016050","vesicle organization","4/32","386/18986",0.0103626943005181,6.14831606217617,4.19886810680315,0.00385663059802941,0.0418485447871276,0.0324768892465634,"CPLX2/SYP/RPH3AL/RAB3A",4
"GO:0043484","regulation of RNA splicing","3/32","190/18986",0.0157894736842105,9.36809210526316,4.76321720238675,0.00395215305114312,0.0419916261683956,0.0325879286673205,"CELF3/NOVA1/CELF5",3
"GO:0061025","membrane fusion","3/32","192/18986",0.015625,9.2705078125,4.73263521646518,0.00406967672654027,0.0423578598068477,0.0328721471359644,"CPLX2/RPH3AL/RAB3A",3
"GO:0048278","vesicle docking","2/32","61/18986",0.0327868852459016,19.452868852459,5.93117475683184,0.00473350510245983,0.0482817520450903,0.0374694298636821,"CPLX2/PPFIA3",2
"GO:0017156","calcium-ion regulated exocytosis","2/32","66/18986",0.0303030303030303,17.9791666666667,5.6775063006853,0.00551929072074319,0.0541315051457505,0.042009176336021,"RPH3AL/RAB3A",2
"GO:0045744","negative regulation of G protein-coupled receptor signaling pathway","2/32","66/18986",0.0303030303030303,17.9791666666667,5.6775063006853,0.00551929072074319,0.0541315051457505,0.042009176336021,"APLP1/RPH3AL",2
"GO:0140056","organelle localization by membrane tethering","2/32","80/18986",0.025,14.8328125,5.09431163631719,0.00801265935776469,0.0767998530815551,0.059601124372889,"CPLX2/PPFIA3",2
"GO:0045921","positive regulation of exocytosis","2/32","81/18986",0.0246913580246914,14.6496913580247,5.05832642292433,0.00820691992281023,0.0767998530815551,0.059601124372889,"RPH3AL/RAB3A",2
"GO:0007018","microtubule-based movement","4/32","480/18986",0.00833333333333333,4.94427083333333,3.5963414590963,0.00828233709703046,0.0767998530815551,0.059601124372889,"ODAD3/CELF3/DNAI1/PACRG",4
"GO:0032418","lysosome localization","2/32","85/18986",0.0235294117647059,13.9602941176471,4.92052883266466,0.00900505139968305,0.0820102895328278,0.063644724178211,"CPLX2/RAB3A",2
"GO:1990849","vacuolar localization","2/32","86/18986",0.0232558139534884,13.7979651162791,4.88752618732502,0.00920982059054191,0.0824036579153749,0.0639500007764313,"CPLX2/RAB3A",2
"GO:0022406","membrane docking","2/32","90/18986",0.0222222222222222,13.1847222222222,4.76082041165994,0.0100496280147819,0.0883674187506683,0.0685782238395279,"CPLX2/PPFIA3",2
"GO:0000245","spliceosomal complex assembly","2/32","96/18986",0.0208333333333333,12.3606770833333,4.58515165788656,0.0113707511097921,0.0982895434914231,0.0762783660531994,"CELF3/CELF5",2
"GO:0035082","axoneme assembly","2/32","105/18986",0.019047619047619,11.3011904761905,4.34910029236302,0.0134876168077734,0.114644742866074,0.0889709459600493,"ODAD3/DNAI1",2
"GO:0046548","retinal rod cell development","1/32","10/18986",0.1,59.33125,7.58104019133747,0.0167311994227402,0.137627608154798,0.106806977639224,"NRL",1
"GO:0070782","phosphatidylserine exposure on apoptotic cell surface","1/32","10/18986",0.1,59.33125,7.58104019133747,0.0167311994227402,0.137627608154798,0.106806977639224,"XKR7",1
"GO:0006686","sphingomyelin biosynthetic process","1/32","11/18986",0.0909090909090909,53.9375,7.21603664032136,0.0183893255619934,0.140038613894729,0.108678057429139,"PEMT",1
"GO:0010807","regulation of synaptic vesicle priming","1/32","11/18986",0.0909090909090909,53.9375,7.21603664032136,0.0183893255619934,0.140038613894729,0.108678057429139,"SYP",1
"GO:0031915","positive regulation of synaptic plasticity","1/32","11/18986",0.0909090909090909,53.9375,7.21603664032136,0.0183893255619934,0.140038613894729,0.108678057429139,"CPLX2",1
"GO:1903305","regulation of regulated secretory pathway","2/32","125/18986",0.016,9.493,3.91438577763435,0.0187493715667258,0.140038613894729,0.108678057429139,"RPH3AL/RAB3A",2
"GO:0000377","RNA splicing, via transesterification reactions with bulged adenosine as nucleophile","3/32","338/18986",0.00887573964497041,5.26608727810651,3.25163513715499,0.0189410109520119,0.140038613894729,0.108678057429139,"CELF3/NOVA1/CELF5",3
"GO:0000398","mRNA splicing, via spliceosome","3/32","338/18986",0.00887573964497041,5.26608727810651,3.25163513715499,0.0189410109520119,0.140038613894729,0.108678057429139,"CELF3/NOVA1/CELF5",3
"GO:0000375","RNA splicing, via transesterification reactions","3/32","342/18986",0.0087719298245614,5.20449561403509,3.22394230700053,0.0195349310812194,0.140038613894729,0.108678057429139,"CELF3/NOVA1/CELF5",3
"GO:0010752","regulation of cGMP-mediated signaling","1/32","12/18986",0.0833333333333333,49.4427083333333,6.8971463655548,0.020044742773167,0.140038613894729,0.108678057429139,"RUNDC3A",1
"GO:0019532","oxalate transport","1/32","12/18986",0.0833333333333333,49.4427083333333,6.8971463655548,0.020044742773167,0.140038613894729,0.108678057429139,"SLC26A11",1
"GO:0038003","G protein-coupled opioid receptor signaling pathway","1/32","12/18986",0.0833333333333333,49.4427083333333,6.8971463655548,0.020044742773167,0.140038613894729,0.108678057429139,"SYP",1
"GO:1990504","dense core granule exocytosis","1/32","12/18986",0.0833333333333333,49.4427083333333,6.8971463655548,0.020044742773167,0.140038613894729,0.108678057429139,"RAB3A",1
"GO:0016081","synaptic vesicle docking","1/32","13/18986",0.0769230769230769,45.6394230769231,6.61533889867003,0.0216974553393764,0.143460342698405,0.111333516727761,"PPFIA3",1
"GO:0043652","engulfment of apoptotic cell","1/32","13/18986",0.0769230769230769,45.6394230769231,6.61533889867003,0.0216974553393764,0.143460342698405,0.111333516727761,"XKR7",1
"GO:0060287","epithelial cilium movement involved in determination of left/right asymmetry","1/32","13/18986",0.0769230769230769,45.6394230769231,6.61533889867003,0.0216974553393764,0.143460342698405,0.111333516727761,"ODAD3",1
"GO:0001578","microtubule bundle formation","2/32","136/18986",0.0147058823529412,8.72518382352941,3.71494553628806,0.0219560244192901,0.143460342698405,0.111333516727761,"ODAD3/DNAI1",2
"GO:0007368","determination of left/right symmetry","2/32","137/18986",0.0145985401459854,8.66149635036496,3.69793758866676,0.0222581258841197,0.143460342698405,0.111333516727761,"ODAD3/DNAI1",2
"GO:0014733","regulation of skeletal muscle adaptation","1/32","14/18986",0.0714285714285714,42.3794642857143,6.36388283711402,0.0233474675371914,0.143460342698405,0.111333516727761,"CAMK2B",1
"GO:0031632","positive regulation of synaptic vesicle fusion to presynaptic active zone membrane","1/32","14/18986",0.0714285714285714,42.3794642857143,6.36388283711402,0.0233474675371914,0.143460342698405,0.111333516727761,"RPH3AL",1
"GO:0051177","meiotic sister chromatid cohesion","1/32","14/18986",0.0714285714285714,42.3794642857143,6.36388283711402,0.0233474675371914,0.143460342698405,0.111333516727761,"REC8",1
"GO:0099502","calcium-dependent activation of synaptic vesicle fusion","1/32","14/18986",0.0714285714285714,42.3794642857143,6.36388283711402,0.0233474675371914,0.143460342698405,0.111333516727761,"RPH3AL",1
"GO:1901634","positive regulation of synaptic vesicle membrane organization","1/32","14/18986",0.0714285714285714,42.3794642857143,6.36388283711402,0.0233474675371914,0.143460342698405,0.111333516727761,"RPH3AL",1
"GO:0060972","left/right pattern formation","2/32","144/18986",0.0138888888888889,8.24045138888889,3.58354811682101,0.0244211185726518,0.147051756003152,0.114120661005542,"ODAD3/DNAI1",2
"GO:0048791","calcium ion-regulated exocytosis of neurotransmitter","1/32","15/18986",0.0666666666666667,39.5541666666667,6.13764393145737,0.0249947836366434,0.147051756003152,0.114120661005542,"RAB3A",1
"GO:0106072","negative regulation of adenylate cyclase-activating G protein-coupled receptor signaling pathway","1/32","15/18986",0.0666666666666667,39.5541666666667,6.13764393145737,0.0249947836366434,0.147051756003152,0.114120661005542,"APLP1",1
"GO:0009799","specification of symmetry","2/32","147/18986",0.0136054421768707,8.07227891156463,3.53686901037761,0.0253736363299557,0.147051756003152,0.114120661005542,"ODAD3/DNAI1",2
"GO:0009855","determination of bilateral symmetry","2/32","147/18986",0.0136054421768707,8.07227891156463,3.53686901037761,0.0253736363299557,0.147051756003152,0.114120661005542,"ODAD3/DNAI1",2
"GO:0045956","positive regulation of calcium ion-dependent exocytosis","1/32","16/18986",0.0625,37.08203125,5.93262852994434,0.0266394079012382,0.147828343498143,0.11472333778184,"RPH3AL",1
"GO:0072520","seminiferous tubule development","1/32","16/18986",0.0625,37.08203125,5.93262852994434,0.0266394079012382,0.147828343498143,0.11472333778184,"REC8",1
"GO:0090660","cerebrospinal fluid circulation","1/32","16/18986",0.0625,37.08203125,5.93262852994434,0.0266394079012382,0.147828343498143,0.11472333778184,"ODAD3",1
"GO:0120161","regulation of cold-induced thermogenesis","2/32","151/18986",0.0132450331125828,7.85844370860927,3.47665095941234,0.0266670737290768,0.147828343498143,0.11472333778184,"PEMT/NOVA1",2
"GO:0106106","cold-induced thermogenesis","2/32","153/18986",0.0130718954248366,7.75571895424837,3.44736595270918,0.0273237161616499,0.149839733789693,0.116284292889421,"PEMT/NOVA1",2
"GO:0042448","progesterone metabolic process","1/32","17/18986",0.0588235294117647,34.9007352941176,5.74567705553943,0.0282813445879623,0.15024464312355,0.116598525932827,"CYP46A1",1
"GO:0097091","synaptic vesicle clustering","1/32","17/18986",0.0588235294117647,34.9007352941176,5.74567705553943,0.0282813445879623,0.15024464312355,0.116598525932827,"RAB3A",1
"GO:1902358","sulfate transmembrane transport","1/32","17/18986",0.0588235294117647,34.9007352941176,5.74567705553943,0.0282813445879623,0.15024464312355,0.116598525932827,"SLC26A11",1
"GO:0060271","cilium assembly","3/32","398/18986",0.00753768844221105,4.47220477386935,2.87647355543376,0.0289369559225063,0.152142757943074,0.118071572727752,"ODAD3/B9D1/DNAI1",3
"GO:0060221","retinal rod cell differentiation","1/32","18/18986",0.0555555555555556,32.9618055555556,5.57425252054317,0.0299205979472958,0.154136413667888,0.119618764786637,"NRL",1
"GO:1903729","regulation of plasma membrane organization","1/32","18/18986",0.0555555555555556,32.9618055555556,5.57425252054317,0.0299205979472958,0.154136413667888,0.119618764786637,"RAB3A",1
"GO:1903311","regulation of mRNA metabolic process","3/32","406/18986",0.00738916256157635,4.38408251231527,2.83211547721609,0.0304458740322778,0.155273957564617,0.12050156459091,"CELF3/NOVA1/CELF5",3
"GO:0006684","sphingomyelin metabolic process","1/32","19/18986",0.0526315789473684,31.2269736842105,5.41629110587264,0.0315571722232175,0.157785861116088,0.12245094691362,"PEMT",1
"GO:0030575","nuclear body organization","1/32","19/18986",0.0526315789473684,31.2269736842105,5.41629110587264,0.0315571722232175,0.157785861116088,0.12245094691362,"CELF3",1
"GO:1990845","adaptive thermogenesis","2/32","170/18986",0.0117647058823529,6.98014705882353,3.21812214717242,0.0331647932212327,0.15999435350307,0.124164864638089,"PEMT/NOVA1",2
"GO:0061003","positive regulation of dendritic spine morphogenesis","1/32","20/18986",0.05,29.665625,5.27009436512502,0.0331910716532203,0.15999435350307,0.124164864638089,"CAMK2B",1
"GO:0007009","plasma membrane organization","2/32","173/18986",0.0115606936416185,6.85910404624277,3.1809371324856,0.034242486154182,0.15999435350307,0.124164864638089,"XKR7/RAB3A",2
"GO:0044782","cilium organization","3/32","427/18986",0.00702576112412178,4.1684718969555,2.7209236959941,0.0346030859170133,0.15999435350307,0.124164864638089,"ODAD3/B9D1/DNAI1",3
"GO:0031340","positive regulation of vesicle fusion","1/32","21/18986",0.0476190476190476,28.2529761904762,5.13425000731332,0.0348223004683152,0.15999435350307,0.124164864638089,"RPH3AL",1
"GO:0032011","ARF protein signal transduction","1/32","21/18986",0.0476190476190476,28.2529761904762,5.13425000731332,0.0348223004683152,0.15999435350307,0.124164864638089,"IQSEC3",1
"GO:0032012","regulation of ARF protein signal transduction","1/32","21/18986",0.0476190476190476,28.2529761904762,5.13425000731332,0.0348223004683152,0.15999435350307,0.124164864638089,"IQSEC3",1
"GO:0071786","endoplasmic reticulum tubular network organization","1/32","21/18986",0.0476190476190476,28.2529761904762,5.13425000731332,0.0348223004683152,0.15999435350307,0.124164864638089,"REEP2",1
"GO:0106070","regulation of adenylate cyclase-activating G protein-coupled receptor signaling pathway","1/32","21/18986",0.0476190476190476,28.2529761904762,5.13425000731332,0.0348223004683152,0.15999435350307,0.124164864638089,"APLP1",1
"GO:0032253","dense core granule localization","1/32","23/18986",0.0434782608695652,25.7961956521739,4.88905926382652,0.0380767631454935,0.173385260751801,0.134556982544225,"RAB3A",1
"GO:0001659","temperature homeostasis","2/32","185/18986",0.0108108108108108,6.41418918918919,3.04059564119911,0.0386883966879171,0.17461134788352,0.1355084970159,"PEMT/NOVA1",2
"GO:0006706","steroid catabolic process","1/32","25/18986",0.04,23.7325,4.67322226033566,0.0413205939736265,0.178037819562301,0.138167637059701,"CYP46A1",1
"GO:0007130","synaptonemal complex assembly","1/32","25/18986",0.04,23.7325,4.67322226033566,0.0413205939736265,0.178037819562301,0.138167637059701,"REC8",1
"GO:0001835","blastocyst hatching","1/32","26/18986",0.0384615384615385,22.8197115384615,4.57452877804994,0.0429385329532608,0.178037819562301,0.138167637059701,"PEMT",1
"GO:0007274","neuromuscular synaptic transmission","1/32","26/18986",0.0384615384615385,22.8197115384615,4.57452877804994,0.0429385329532608,0.178037819562301,0.138167637059701,"RAB3A",1
"GO:0016082","synaptic vesicle priming","1/32","26/18986",0.0384615384615385,22.8197115384615,4.57452877804994,0.0429385329532608,0.178037819562301,0.138167637059701,"SYP",1
"GO:0032252","secretory granule localization","1/32","26/18986",0.0384615384615385,22.8197115384615,4.57452877804994,0.0429385329532608,0.178037819562301,0.138167637059701,"RAB3A",1
"GO:0035188","hatching","1/32","26/18986",0.0384615384615385,22.8197115384615,4.57452877804994,0.0429385329532608,0.178037819562301,0.138167637059701,"PEMT",1
"GO:0043501","skeletal muscle adaptation","1/32","26/18986",0.0384615384615385,22.8197115384615,4.57452877804994,0.0429385329532608,0.178037819562301,0.138167637059701,"CAMK2B",1
"GO:0071684","organism emergence from protective structure","1/32","26/18986",0.0384615384615385,22.8197115384615,4.57452877804994,0.0429385329532608,0.178037819562301,0.138167637059701,"PEMT",1
"GO:0090128","regulation of synapse maturation","1/32","26/18986",0.0384615384615385,22.8197115384615,4.57452877804994,0.0429385329532608,0.178037819562301,0.138167637059701,"CAMK2B",1
"GO:0017121","plasma membrane phospholipid scrambling","1/32","27/18986",0.037037037037037,21.974537037037,4.48122142957271,0.0445538265685297,0.183203098992964,0.142176192407337,"XKR7",1
"GO:0007141","male meiosis I","1/32","28/18986",0.0357142857142857,21.1897321428571,4.39281754369542,0.0461664790053568,0.183203098992964,0.142176192407337,"REC8",1
"GO:0070193","synaptonemal complex organization","1/32","28/18986",0.0357142857142857,21.1897321428571,4.39281754369542,0.0461664790053568,0.183203098992964,0.142176192407337,"REC8",1
"GO:0099558","maintenance of synapse structure","1/32","28/18986",0.0357142857142857,21.1897321428571,4.39281754369542,0.0461664790053568,0.183203098992964,0.142176192407337,"RAB3A",1
"GO:2000819","regulation of nucleotide-excision repair","1/32","28/18986",0.0357142857142857,21.1897321428571,4.39281754369542,0.0461664790053568,0.183203098992964,0.142176192407337,"ACTL6B",1
"GO:0030073","insulin secretion","2/32","206/18986",0.00970873786407767,5.76031553398058,2.82261346222904,0.04696552038423,0.183203098992964,0.142176192407337,"RPH3AL/RAB3A",2
"GO:0008380","RNA splicing","3/32","484/18986",0.00619834710743802,3.67755681818182,2.45178221092112,0.0473027077990352,0.183203098992964,0.142176192407337,"CELF3/NOVA1/CELF5",3
"GO:0001778","plasma membrane repair","1/32","29/18986",0.0344827586206897,20.4590517241379,4.30889308399558,0.0477764944432633,0.183203098992964,0.142176192407337,"RAB3A",1
"GO:0003094","glomerular filtration","1/32","29/18986",0.0344827586206897,20.4590517241379,4.30889308399558,0.0477764944432633,0.183203098992964,0.142176192407337,"TMEM63C",1
"GO:0006656","phosphatidylcholine biosynthetic process","1/32","29/18986",0.0344827586206897,20.4590517241379,4.30889308399558,0.0477764944432633,0.183203098992964,0.142176192407337,"PEMT",1
"GO:0048469","cell maturation","2/32","210/18986",0.00952380952380952,5.65059523809524,2.78449539127457,0.0486103994952948,0.185009729422391,0.143578242028522,"ACTL6B/REC8",2
"GO:0009566","fertilization","2/32","216/18986",0.00925925925925926,5.49363425925926,2.72911799431016,0.0511170235931803,0.193108755796459,0.149863554549987,"RAB3A/REC8",2
"GO:0005979","regulation of glycogen biosynthetic process","1/32","32/18986",0.03125,18.541015625,4.08046012476056,0.0525907604628144,0.19435715823214,0.150832386987172,"PPP1R3F",1
"GO:0010962","regulation of glucan biosynthetic process","1/32","32/18986",0.03125,18.541015625,4.08046012476056,0.0525907604628144,0.19435715823214,0.150832386987172,"PPP1R3F",1
"GO:0097205","renal filtration","1/32","32/18986",0.03125,18.541015625,4.08046012476056,0.0525907604628144,0.19435715823214,0.150832386987172,"TMEM63C",1
"GO:0060219","camera-type eye photoreceptor cell differentiation","1/32","33/18986",0.0303030303030303,17.9791666666667,4.01110667128764,0.0541902695725111,0.198802908654757,0.154282546241875,"NRL",1
"GO:0022618","protein-RNA complex assembly","2/32","225/18986",0.00888888888888889,5.27388888888889,2.64981983361774,0.054963157098668,0.198802908654757,0.154282546241875,"CELF3/CELF5",2
"GO:0099111","microtubule-based transport","2/32","225/18986",0.00888888888888889,5.27388888888889,2.64981983361774,0.054963157098668,0.198802908654757,0.154282546241875,"ODAD3/DNAI1",2
"GO:0050775","positive regulation of dendrite morphogenesis","1/32","35/18986",0.0285714285714286,16.9517857142857,3.88112039539656,0.0573814433420995,0.203178294853819,0.157678098792643,"CAMK2B",1
"GO:0007286","spermatid development","2/32","232/18986",0.00862068965517241,5.11476293103448,2.59102561869973,0.0580239889585967,0.203178294853819,0.157678098792643,"PACRG/REC8",2
"GO:0071826","protein-RNA complex organization","2/32","234/18986",0.00854700854700855,5.07104700854701,2.57466127258769,0.0589093908038275,0.203178294853819,0.157678098792643,"CELF3/CELF5",2
"GO:0001556","oocyte maturation","1/32","36/18986",0.0277777777777778,16.4809027777778,3.8200828166298,0.0589731162782535,0.203178294853819,0.157678098792643,"REC8",1
"GO:0019934","cGMP-mediated signaling","1/32","36/18986",0.0277777777777778,16.4809027777778,3.8200828166298,0.0589731162782535,0.203178294853819,0.157678098792643,"RUNDC3A",1
"GO:0048026","positive regulation of mRNA splicing, via spliceosome","1/32","36/18986",0.0277777777777778,16.4809027777778,3.8200828166298,0.0589731162782535,0.203178294853819,0.157678098792643,"CELF3",1
"GO:0010770","positive regulation of cell morphogenesis","1/32","37/18986",0.027027027027027,16.035472972973,3.76144451738834,0.0605621854222692,0.203178294853819,0.157678098792643,"CAMK2B",1
"GO:0042462","eye photoreceptor cell development","1/32","37/18986",0.027027027027027,16.035472972973,3.76144451738834,0.0605621854222692,0.203178294853819,0.157678098792643,"NRL",1
"GO:0099171","presynaptic modulation of chemical synaptic transmission","1/32","37/18986",0.027027027027027,16.035472972973,3.76144451738834,0.0605621854222692,0.203178294853819,0.157678098792643,"RAB3A",1
"GO:0016358","dendrite development","2/32","239/18986",0.00836820083682008,4.96495815899582,2.53455384070089,0.061143639117026,0.203178294853819,0.157678098792643,"ACTL6B/CAMK2B",2
"GO:0048515","spermatid differentiation","2/32","240/18986",0.00833333333333333,4.94427083333333,2.52666633779916,0.0615940051661649,0.203178294853819,0.157678098792643,"PACRG/REC8",2
"GO:0006699","bile acid biosynthetic process","1/32","38/18986",0.0263157894736842,15.6134868421053,3.70504779641497,0.0621486548964622,0.203178294853819,0.157678098792643,"CYP46A1",1
"GO:0008207","C21-steroid hormone metabolic process","1/32","38/18986",0.0263157894736842,15.6134868421053,3.70504779641497,0.0621486548964622,0.203178294853819,0.157678098792643,"CYP46A1",1
"GO:0046164","alcohol catabolic process","1/32","38/18986",0.0263157894736842,15.6134868421053,3.70504779641497,0.0621486548964622,0.203178294853819,0.157678098792643,"CYP46A1",1
"GO:0070316","regulation of G0 to G1 transition","1/32","38/18986",0.0263157894736842,15.6134868421053,3.70504779641497,0.0621486548964622,0.203178294853819,0.157678098792643,"ACTL6B",1
"GO:0007340","acrosome reaction","1/32","39/18986",0.0256410256410256,15.213141025641,3.65074915132838,0.0637325288168399,0.205617554070898,0.159571104913638,"RAB3A",1
"GO:0050685","positive regulation of mRNA processing","1/32","39/18986",0.0256410256410256,15.213141025641,3.65074915132838,0.0637325288168399,0.205617554070898,0.159571104913638,"CELF3",1
"GO:0032885","regulation of polysaccharide biosynthetic process","1/32","40/18986",0.025,14.8328125,3.59841767391386,0.0653138112931088,0.205617554070898,0.159571104913638,"PPP1R3F",1
"GO:0045023","G0 to G1 transition","1/32","40/18986",0.025,14.8328125,3.59841767391386,0.0653138112931088,0.205617554070898,0.159571104913638,"ACTL6B",1
"GO:0060074","synapse maturation","1/32","40/18986",0.025,14.8328125,3.59841767391386,0.0653138112931088,0.205617554070898,0.159571104913638,"CAMK2B",1
"GO:0070873","regulation of glycogen metabolic process","1/32","40/18986",0.025,14.8328125,3.59841767391386,0.0653138112931088,0.205617554070898,0.159571104913638,"PPP1R3F",1
"GO:0030072","peptide hormone secretion","2/32","250/18986",0.008,4.7465,2.45011886462283,0.0661606942592336,0.207005853203737,0.160648505272663,"RPH3AL/RAB3A",2
"GO:0060999","positive regulation of dendritic spine development","1/32","42/18986",0.0238095238095238,14.1264880952381,3.49918741274524,0.0684686183207023,0.211630274809443,0.164237323691126,"CAMK2B",1
"GO:1902742","apoptotic process involved in development","1/32","42/18986",0.0238095238095238,14.1264880952381,3.49918741274524,0.0684686183207023,0.211630274809443,0.164237323691126,"XKR7",1
"GO:0002790","peptide secretion","2/32","257/18986",0.00778210116731518,4.61721789883268,2.39890908818973,0.0694238365241081,0.213290100164428,0.165525444090454,"RPH3AL/RAB3A",2
"GO:0050913","sensory perception of bitter taste","1/32","44/18986",0.0227272727272727,13.484375,3.40651322391855,0.0716131087312544,0.214163655842978,0.166203373781135,"REEP2",1
"GO:0060563","neuroepithelial cell differentiation","1/32","44/18986",0.0227272727272727,13.484375,3.40651322391855,0.0716131087312544,0.214163655842978,0.166203373781135,"B9D1",1
"GO:0043277","apoptotic cell clearance","1/32","45/18986",0.0222222222222222,13.1847222222222,3.36240706502866,0.0731814954127339,0.214163655842978,0.166203373781135,"XKR7",1
"GO:0048489","synaptic vesicle transport","1/32","45/18986",0.0222222222222222,13.1847222222222,3.36240706502866,0.0731814954127339,0.214163655842978,0.166203373781135,"RAB3A",1
"GO:0051602","response to electrical stimulus","1/32","45/18986",0.0222222222222222,13.1847222222222,3.36240706502866,0.0731814954127339,0.214163655842978,0.166203373781135,"RAB3A",1
"GO:0061001","regulation of dendritic spine morphogenesis","1/32","45/18986",0.0222222222222222,13.1847222222222,3.36240706502866,0.0731814954127339,0.214163655842978,0.166203373781135,"CAMK2B",1
"GO:0003016","respiratory system process","1/32","46/18986",0.0217391304347826,12.898097826087,3.31968071587168,0.0747473151765689,0.214163655842978,0.166203373781135,"RAB3A",1
"GO:0005978","glycogen biosynthetic process","1/32","46/18986",0.0217391304347826,12.898097826087,3.31968071587168,0.0747473151765689,0.214163655842978,0.166203373781135,"PPP1R3F",1
"GO:0009250","glucan biosynthetic process","1/32","46/18986",0.0217391304347826,12.898097826087,3.31968071587168,0.0747473151765689,0.214163655842978,0.166203373781135,"PPP1R3F",1
"GO:0045646","regulation of erythrocyte differentiation","1/32","46/18986",0.0217391304347826,12.898097826087,3.31968071587168,0.0747473151765689,0.214163655842978,0.166203373781135,"P4HTM",1
"GO:0045663","positive regulation of myoblast differentiation","1/32","46/18986",0.0217391304347826,12.898097826087,3.31968071587168,0.0747473151765689,0.214163655842978,0.166203373781135,"ACTL6B",1
"GO:2000300","regulation of synaptic vesicle exocytosis","1/32","46/18986",0.0217391304347826,12.898097826087,3.31968071587168,0.0747473151765689,0.214163655842978,0.166203373781135,"RAB3A",1
"GO:0015833","peptide transport","2/32","270/18986",0.00740740740740741,4.39490740740741,2.30851738462768,0.0756230021584647,0.215462184920765,0.16721110738949,"RPH3AL/RAB3A",2
"GO:1900271","regulation of long-term synaptic potentiation","1/32","47/18986",0.0212765957446809,12.623670212766,3.27826108462174,0.0763105720886255,0.215838846773685,0.167503418755223,"CYP46A1",1
"GO:0006911","phagocytosis, engulfment","1/32","48/18986",0.0208333333333333,12.3606770833333,3.23808041532803,0.0778712702085453,0.215838846773685,0.167503418755223,"XKR7",1
"GO:0032881","regulation of polysaccharide metabolic process","1/32","48/18986",0.0208333333333333,12.3606770833333,3.23808041532803,0.0778712702085453,0.215838846773685,0.167503418755223,"PPP1R3F",1
"GO:0034331","cell junction maintenance","1/32","48/18986",0.0208333333333333,12.3606770833333,3.23808041532803,0.0778712702085453,0.215838846773685,0.167503418755223,"RAB3A",1
"GO:0120163","negative regulation of cold-induced thermogenesis","1/32","48/18986",0.0208333333333333,12.3606770833333,3.23808041532803,0.0778712702085453,0.215838846773685,0.167503418755223,"NOVA1",1
"GO:0071695","anatomical structure maturation","2/32","276/18986",0.0072463768115942,4.29936594202899,2.26870478005133,0.0785428322281641,0.216523483439804,0.168034736374337,"ACTL6B/REC8",2
"GO:0042551","neuron maturation","1/32","49/18986",0.0204081632653061,12.1084183673469,3.1990757964574,0.0794294135897538,0.216625673426601,0.168114041709808,"ACTL6B",1
"GO:1902459","positive regulation of stem cell population maintenance","1/32","49/18986",0.0204081632653061,12.1084183673469,3.1990757964574,0.0794294135897538,0.216625673426601,0.168114041709808,"ACTL6B",1
"GO:0033120","positive regulation of RNA splicing","1/32","50/18986",0.02,11.86625,3.16118872369525,0.0809850062794687,0.219693368098559,0.170494750062039,"CELF3",1
"GO:0008206","bile acid metabolic process","1/32","51/18986",0.0196078431372549,11.6335784313725,3.12436471006174,0.0825380523187089,0.222721728479056,0.172844932730908,"CYP46A1",1
"GO:0042461","photoreceptor cell development","1/32","52/18986",0.0192307692307692,11.4098557692308,3.08855293740563,0.0840885557423057,0.224529651458513,0.174247985445616,"NRL",1
"GO:2001222","regulation of neuron migration","1/32","52/18986",0.0192307692307692,11.4098557692308,3.08855293740563,0.0840885557423057,0.224529651458513,0.174247985445616,"CAMK2B",1
"GO:0001754","eye photoreceptor cell differentiation","1/32","53/18986",0.0188679245283019,11.1945754716981,3.05370594418201,0.0856365205789089,0.226293396348412,0.175616753409707,"NRL",1
"GO:0043303","mast cell degranulation","1/32","53/18986",0.0188679245283019,11.1945754716981,3.05370594418201,0.0856365205789089,0.226293396348412,0.175616753409707,"CPLX2",1
"GO:0007129","homologous chromosome pairing at meiosis","1/32","54/18986",0.0185185185185185,10.9872685185185,3.01977934513036,0.0871819508509981,0.228014332994918,0.176952299702971,"REC8",1
"GO:0045332","phospholipid translocation","1/32","54/18986",0.0185185185185185,10.9872685185185,3.01977934513036,0.0871819508509981,0.228014332994918,0.176952299702971,"XKR7",1
"GO:0007140","male meiotic nuclear division","1/32","55/18986",0.0181818181818182,10.7875,2.98673157906935,0.088724850574893,0.230865682618344,0.179165111794628,"REC8",1
"GO:1903532","positive regulation of secretion by cell","2/32","298/18986",0.00671140939597315,3.98196308724832,2.13186075210861,0.0895470178784791,0.231332985517519,0.179527765850541,"RPH3AL/RAB3A",2
"GO:0002279","mast cell activation involved in immune response","1/32","56/18986",0.0178571428571429,10.5948660714286,2.95452368153381,0.0902652237607574,0.231332985517519,0.179527765850541,"CPLX2",1
"GO:0002448","mast cell mediated immunity","1/32","56/18986",0.0178571428571429,10.5948660714286,2.95452368153381,0.0902652237607574,0.231332985517519,0.179527765850541,"CPLX2",1
"GO:0014888","striated muscle adaptation","1/32","57/18986",0.0175438596491228,10.4089912280702,2.92311907941124,0.0918030744126145,0.231909343713801,0.179975053119482,"CAMK2B",1
"GO:0099024","plasma membrane invagination","1/32","57/18986",0.0175438596491228,10.4089912280702,2.92311907941124,0.0918030744126145,0.231909343713801,0.179975053119482,"XKR7",1
"GO:0034204","lipid translocation","1/32","58/18986",0.0172413793103448,10.229525862069,2.89248340510461,0.093338406528352,0.231909343713801,0.179975053119482,"XKR7",1
"GO:0007062","sister chromatid cohesion","1/32","59/18986",0.0169491525423729,10.0561440677966,2.86258432806334,0.0948712240997327,0.231909343713801,0.179975053119482,"REC8",1
"GO:0042733","embryonic digit morphogenesis","1/32","59/18986",0.0169491525423729,10.0561440677966,2.86258432806334,0.0948712240997327,0.231909343713801,0.179975053119482,"B9D1",1
"GO:0007131","reciprocal meiotic recombination","1/32","60/18986",0.0166666666666667,9.88854166666667,2.83339140179524,0.0964015311124035,0.231909343713801,0.179975053119482,"REC8",1
"GO:0060997","dendritic spine morphogenesis","1/32","60/18986",0.0166666666666667,9.88854166666667,2.83339140179524,0.0964015311124035,0.231909343713801,0.179975053119482,"CAMK2B",1
"GO:0060998","regulation of dendritic spine development","1/32","60/18986",0.0166666666666667,9.88854166666667,2.83339140179524,0.0964015311124035,0.231909343713801,0.179975053119482,"CAMK2B",1
"GO:0071868","cellular response to monoamine stimulus","1/32","60/18986",0.0166666666666667,9.88854166666667,2.83339140179524,0.0964015311124035,0.231909343713801,0.179975053119482,"APLP1",1
"GO:0071870","cellular response to catecholamine stimulus","1/32","60/18986",0.0166666666666667,9.88854166666667,2.83339140179524,0.0964015311124035,0.231909343713801,0.179975053119482,"APLP1",1
"GO:0097479","synaptic vesicle localization","1/32","60/18986",0.0166666666666667,9.88854166666667,2.83339140179524,0.0964015311124035,0.231909343713801,0.179975053119482,"RAB3A",1
"GO:0140527","reciprocal homologous recombination","1/32","60/18986",0.0166666666666667,9.88854166666667,2.83339140179524,0.0964015311124035,0.231909343713801,0.179975053119482,"REC8",1
"GO:1901616","organic hydroxy compound catabolic process","1/32","60/18986",0.0166666666666667,9.88854166666667,2.83339140179524,0.0964015311124035,0.231909343713801,0.179975053119482,"CYP46A1",1
"GO:0046879","hormone secretion","2/32","319/18986",0.00626959247648903,3.7198275862069,2.01293292657075,0.100456206179452,0.23778923519031,0.184538188713223,"RPH3AL/RAB3A",2
"GO:0071867","response to monoamine","1/32","63/18986",0.0158730158730159,9.41765873015873,2.74977048652062,0.100977428563063,0.23778923519031,0.184538188713223,"APLP1",1
"GO:0071869","response to catecholamine","1/32","63/18986",0.0158730158730159,9.41765873015873,2.74977048652062,0.100977428563063,0.23778923519031,0.184538188713223,"APLP1",1
"GO:0097035","regulation of membrane lipid distribution","1/32","63/18986",0.0158730158730159,9.41765873015873,2.74977048652062,0.100977428563063,0.23778923519031,0.184538188713223,"XKR7",1
"GO:0051047","positive regulation of secretion","2/32","322/18986",0.0062111801242236,3.68517080745342,1.99676677516715,0.10204466349609,0.23778923519031,0.184538188713223,"RPH3AL/RAB3A",2
"GO:0010324","membrane invagination","1/32","64/18986",0.015625,9.2705078125,2.72313075995454,0.102497733075348,0.23778923519031,0.184538188713223,"XKR7",1
"GO:0048599","oocyte development","1/32","64/18986",0.015625,9.2705078125,2.72313075995454,0.102497733075348,0.23778923519031,0.184538188713223,"REC8",1
"GO:0006302","double-strand break repair","2/32","323/18986",0.00619195046439629,3.67376160990712,1.99142093440773,0.102575748513467,0.23778923519031,0.184538188713223,"ACTL6B/REC8",2
"GO:0098813","nuclear chromosome segregation","2/32","324/18986",0.00617283950617284,3.66242283950617,1.98609626423433,0.10310762651478,0.23794067657257,0.184655715977887,"ACTL6B/REC8",2
"GO:0048814","regulation of dendrite morphogenesis","1/32","65/18986",0.0153846153846154,9.12788461538462,2.69706874912044,0.104015546865729,0.238144892391618,0.184814199255415,"CAMK2B",1
"GO:0042886","amide transport","2/32","328/18986",0.00609756097560976,3.61775914634146,1.96500615434649,0.105242989162202,0.238144892391618,0.184814199255415,"RPH3AL/RAB3A",2
"GO:0000271","polysaccharide biosynthetic process","1/32","66/18986",0.0151515151515152,8.98958333333333,2.67156278075192,0.105530873883344,0.238144892391618,0.184814199255415,"PPP1R3F",1
"GO:0070192","chromosome organization involved in meiotic cell cycle","1/32","66/18986",0.0151515151515152,8.98958333333333,2.67156278075192,0.105530873883344,0.238144892391618,0.184814199255415,"REC8",1
"GO:0072348","sulfur compound transport","1/32","66/18986",0.0151515151515152,8.98958333333333,2.67156278075192,0.105530873883344,0.238144892391618,0.184814199255415,"SLC26A11",1
"GO:0009914","hormone transport","2/32","330/18986",0.00606060606060606,3.59583333333333,1.95458409332618,0.106315325722146,0.238394306621626,0.185007759111933,"RPH3AL/RAB3A",2
"GO:0050909","sensory perception of taste","1/32","67/18986",0.0149253731343284,8.85541044776119,2.64659231140646,0.107043718071279,0.238394306621626,0.185007759111933,"REEP2",1
"GO:0060042","retina morphogenesis in camera-type eye","1/32","67/18986",0.0149253731343284,8.85541044776119,2.64659231140646,0.107043718071279,0.238394306621626,0.185007759111933,"NRL",1
"GO:0009994","oocyte differentiation","1/32","68/18986",0.0147058823529412,8.72518382352941,2.62213785266366,0.108554083366577,0.238631821193768,0.185192084146247,"REC8",1
"GO:0035825","homologous recombination","1/32","68/18986",0.0147058823529412,8.72518382352941,2.62213785266366,0.108554083366577,0.238631821193768,0.185192084146247,"REC8",1
"GO:0045143","homologous chromosome segregation","1/32","68/18986",0.0147058823529412,8.72518382352941,2.62213785266366,0.108554083366577,0.238631821193768,0.185192084146247,"REC8",1
"GO:0045576","mast cell activation","1/32","69/18986",0.0144927536231884,8.59873188405797,2.59818090229547,0.110061973700241,0.240908182777352,0.186958672289544,"CPLX2",1
"GO:0046530","photoreceptor cell differentiation","1/32","70/18986",0.0142857142857143,8.47589285714286,2.57470388085266,0.111567392997254,0.243159702686322,0.188705981857703,"NRL",1
"GO:0061371","determination of heart left/right asymmetry","1/32","71/18986",0.0140845070422535,8.35651408450704,2.55169007317061,0.113070345176578,0.245386706553424,0.190434265560552,"ODAD3",1
"GO:2000036","regulation of stem cell population maintenance","1/32","74/18986",0.0135135135135135,8.01773648648649,2.4852726390601,0.117564438107968,0.254058743368914,0.197164267299715,"ACTL6B",1
"GO:1902017","regulation of cilium assembly","1/32","75/18986",0.0133333333333333,7.91083333333333,2.46396001287198,0.119057560886128,0.256199814565085,0.198825862283739,"ODAD3",1
"GO:0045661","regulation of myoblast differentiation","1/32","76/18986",0.0131578947368421,7.80674342105263,2.44303823353828,0.120548236051462,0.258317648681704,0.200469423951127,"ACTL6B",1
"GO:0043954","cellular component maintenance","1/32","77/18986",0.012987012987013,7.70535714285714,2.42249476798761,0.122036467487018,0.259327493409912,0.201253121820696,"RAB3A",1
"GO:0046470","phosphatidylcholine metabolic process","1/32","77/18986",0.012987012987013,7.70535714285714,2.42249476798761,0.122036467487018,0.259327493409912,0.201253121820696,"PEMT",1
"GO:0043010","camera-type eye development","2/32","362/18986",0.00552486187845304,3.27796961325967,1.79802440447875,0.123868323365836,0.26212798720571,0.203426466851077,"B9D1/NRL",2
"GO:0007585","respiratory gaseous exchange by respiratory system","1/32","79/18986",0.0126582278481013,7.51028481012658,2.38249541578846,0.125005614671204,0.263441584637661,0.204445894373087,"RAB3A",1
"GO:0031397","negative regulation of protein ubiquitination","1/32","81/18986",0.0123456790123457,7.32484567901234,2.34387233966708,0.127965033384101,0.266376191942415,0.206723319237045,"BEX1",1
"GO:0043299","leukocyte degranulation","1/32","81/18986",0.0123456790123457,7.32484567901234,2.34387233966708,0.127965033384101,0.266376191942415,0.206723319237045,"CPLX2",1
"GO:0046928","regulation of neurotransmitter secretion","1/32","81/18986",0.0123456790123457,7.32484567901234,2.34387233966708,0.127965033384101,0.266376191942415,0.206723319237045,"RAB3A",1
"GO:0009306","protein secretion","2/32","371/18986",0.00539083557951483,3.19845013477089,1.75712195684116,0.12892943112897,0.267292723072255,0.207434600361544,"RPH3AL/RAB3A",2
"GO:0035592","establishment of protein localization to extracellular region","2/32","374/18986",0.0053475935828877,3.17279411764706,1.74376400143633,0.13062764310252,0.26921985799554,0.208930168434104,"RPH3AL/RAB3A",2
"GO:0006289","nucleotide-excision repair","1/32","83/18986",0.0120481927710843,7.14834337349398,2.30654347485187,0.130914754476263,0.26921985799554,0.208930168434104,"ACTL6B",1
"GO:0097061","dendritic spine organization","1/32","85/18986",0.0117647058823529,6.98014705882353,2.2704335070953,0.13385480870366,0.274160451561714,0.212764354565954,"CAMK2B",1
"GO:0071692","protein localization to extracellular region","2/32","382/18986",0.00523560209424084,3.10634816753927,1.7087893436685,0.135182504521605,0.275772309224075,0.214015249263678,"RPH3AL/RAB3A",2
"GO:0005977","glycogen metabolic process","1/32","87/18986",0.0114942528735632,6.81968390804598,2.23547317302477,0.136785226727964,0.277930141957218,0.215689852169069,"PPP1R3F",1
"GO:0003407","neural retina development","1/32","88/18986",0.0113636363636364,6.7421875,2.21840397595171,0.138246831720012,0.278456468830361,0.216098312239868,"NRL",1
"GO:0032024","positive regulation of insulin secretion","1/32","88/18986",0.0113636363636364,6.7421875,2.21840397595171,0.138246831720012,0.278456468830361,0.216098312239868,"RPH3AL",1
"GO:0009791","post-embryonic development","1/32","89/18986",0.0112359550561798,6.66643258426966,2.20159864724599,0.139706039116824,0.278456468830361,0.216098312239868,"RAB3A",1
"GO:0044042","glucan metabolic process","1/32","89/18986",0.0112359550561798,6.66643258426966,2.20159864724599,0.139706039116824,0.278456468830361,0.216098312239868,"PPP1R3F",1
"GO:0007281","germ cell development","2/32","390/18986",0.00512820512820513,3.04262820512821,1.67471808790742,0.139774227491319,0.278456468830361,0.216098312239868,"PACRG/REC8",2
"GO:0036465","synaptic vesicle recycling","1/32","90/18986",0.0111111111111111,6.59236111111111,2.18504997008421,0.141162852724712,0.280128618247483,0.21739599682364,"RAB3A",1
"GO:0030071","regulation of mitotic metaphase/anaphase transition","1/32","93/18986",0.010752688172043,6.37970430107527,2.13687574124801,0.145518968790367,0.286484055791046,0.222328183647953,"ACTL6B",1
"GO:1903321","negative regulation of protein modification by small protein conjugation or removal","1/32","94/18986",0.0106382978723404,6.31183510638298,2.12128682681209,0.146966245188966,0.286484055791046,0.222328183647953,"BEX1",1
"GO:2000781","positive regulation of double-strand break repair","1/32","94/18986",0.0106382978723404,6.31183510638298,2.12128682681209,0.146966245188966,0.286484055791046,0.222328183647953,"ACTL6B",1
"GO:0001701","in utero embryonic development","2/32","403/18986",0.00496277915632754,2.94447890818859,1.62116678832301,0.147309975800574,0.286484055791046,0.222328183647953,"B9D1/PEMT",2
"GO:0106027","neuron projection organization","1/32","95/18986",0.0105263157894737,6.2453947368421,2.10592236350934,0.148411146742742,0.286484055791046,0.222328183647953,"CAMK2B",1
"GO:0043502","regulation of muscle adaptation","1/32","96/18986",0.0104166666666667,6.18033854166667,2.0907766041148,0.149853677223089,0.286484055791046,0.222328183647953,"CAMK2B",1
"GO:0097194","execution phase of apoptosis","1/32","96/18986",0.0104166666666667,6.18033854166667,2.0907766041148,0.149853677223089,0.286484055791046,0.222328183647953,"XKR7",1
"GO:1902099","regulation of metaphase/anaphase transition of cell cycle","1/32","96/18986",0.0104166666666667,6.18033854166667,2.0907766041148,0.149853677223089,0.286484055791046,0.222328183647953,"ACTL6B",1
"GO:0007091","metaphase/anaphase transition of mitotic cell cycle","1/32","97/18986",0.0103092783505155,6.11662371134021,2.07584400754381,0.151293840395607,0.286484055791046,0.222328183647953,"ACTL6B",1
"GO:0045132","meiotic chromosome segregation","1/32","97/18986",0.0103092783505155,6.11662371134021,2.07584400754381,0.151293840395607,0.286484055791046,0.222328183647953,"REC8",1
"GO:0001654","eye development","2/32","411/18986",0.0048661800486618,2.88716545012165,1.58926503406007,0.151990367078779,0.286484055791046,0.222328183647953,"B9D1/NRL",2
"GO:0002275","myeloid cell activation involved in immune response","1/32","98/18986",0.0102040816326531,6.05420918367347,2.06111922940735,0.152731640020116,0.286484055791046,0.222328183647953,"CPLX2",1
"GO:1901874","negative regulation of post-translational protein modification","1/32","98/18986",0.0102040816326531,6.05420918367347,2.06111922940735,0.152731640020116,0.286484055791046,0.222328183647953,"BEX1",1
"GO:0034620","cellular response to unfolded protein","1/32","99/18986",0.0101010101010101,5.99305555555556,2.04659711309191,0.154167079850662,0.286484055791046,0.222328183647953,"PACRG",1
"GO:0051588","regulation of neurotransmitter transport","1/32","99/18986",0.0101010101010101,5.99305555555556,2.04659711309191,0.154167079850662,0.286484055791046,0.222328183647953,"RAB3A",1
"GO:0060996","dendritic spine development","1/32","99/18986",0.0101010101010101,5.99305555555556,2.04659711309191,0.154167079850662,0.286484055791046,0.222328183647953,"CAMK2B",1
"GO:0150063","visual system development","2/32","415/18986",0.00481927710843374,2.85933734939759,1.57360036763583,0.154342211730322,0.286484055791046,0.222328183647953,"B9D1/NRL",2
"GO:0007029","endoplasmic reticulum organization","1/32","100/18986",0.01,5.933125,2.03227268132963,0.155600163635529,0.286484055791046,0.222328183647953,"REEP2",1
"GO:0044784","metaphase/anaphase transition of cell cycle","1/32","100/18986",0.01,5.933125,2.03227268132963,0.155600163635529,0.286484055791046,0.222328183647953,"ACTL6B",1
"GO:0050773","regulation of dendrite development","1/32","100/18986",0.01,5.933125,2.03227268132963,0.155600163635529,0.286484055791046,0.222328183647953,"CAMK2B",1
"GO:0120162","positive regulation of cold-induced thermogenesis","1/32","101/18986",0.0099009900990099,5.87438118811881,2.01814112822718,0.157030895117243,0.288078260826597,0.223565378887101,"PEMT",1
"GO:0006112","energy reserve metabolic process","1/32","102/18986",0.00980392156862745,5.81678921568627,2.00419781172425,0.158459278032586,0.288652467979705,0.224010996822227,"PPP1R3F",1
"GO:0048880","sensory system development","2/32","422/18986",0.004739336492891,2.81190758293839,1.54662967936731,0.158475864773171,0.288652467979705,0.224010996822227,"B9D1/NRL",2
"GO:0022412","cellular process involved in reproduction in multicellular organism","2/32","427/18986",0.00468384074941452,2.778981264637,1.52769929325599,0.161441949669278,0.292090078875188,0.226678781541941,"PACRG/REC8",2
"GO:0007059","chromosome segregation","2/32","429/18986",0.00466200466200466,2.76602564102564,1.52020311748222,0.162631428742291,0.292090078875188,0.226678781541941,"ACTL6B/REC8",2
"GO:0015914","phospholipid transport","1/32","105/18986",0.00952380952380952,5.65059523809524,1.96345317139907,0.162730372662158,0.292090078875188,0.226678781541941,"XKR7",1
"GO:0043255","regulation of carbohydrate biosynthetic process","1/32","105/18986",0.00952380952380952,5.65059523809524,1.96345317139907,0.162730372662158,0.292090078875188,0.226678781541941,"PPP1R3F",1
"GO:0003002","regionalization","2/32","430/18986",0.00465116279069767,2.75959302325581,1.51647106773601,0.163226808783193,0.292090078875188,0.226678781541941,"ODAD3/DNAI1",2
"GO:0006835","dicarboxylic acid transport","1/32","106/18986",0.00943396226415094,5.59728773584906,1.9502194152404,0.164149398565172,0.292713962476356,0.227162951271641,"SLC26A11",1
"GO:1903706","regulation of hemopoiesis","2/32","433/18986",0.0046189376443418,2.74047344110854,1.5053383579838,0.165015475136399,0.293233074284193,0.227565812034792,"ACTL6B/P4HTM",2
"GO:0033045","regulation of sister chromatid segregation","1/32","108/18986",0.00925925925925926,5.49363425925926,1.92424984629843,0.166980464168541,0.295694571965124,0.22947607648893,"ACTL6B",1
"GO:0060291","long-term synaptic potentiation","1/32","110/18986",0.00909090909090909,5.39375,1.89891949158395,0.169802239489774,0.299651010864307,0.232546501723384,"CYP46A1",1
"GO:1902476","chloride transmembrane transport","1/32","112/18986",0.00892857142857143,5.29743303571429,1.87420031181338,0.172614754035082,0.303563877785834,0.235583112585085,"SLC26A11",1
"GO:0005976","polysaccharide metabolic process","1/32","113/18986",0.00884955752212389,5.25055309734513,1.86206162227212,0.174017547712674,0.304296595177684,0.236151743626025,"PPP1R3F",1
"GO:0030148","sphingolipid biosynthetic process","1/32","114/18986",0.0087719298245614,5.20449561403509,1.850065980338,0.175418037220076,0.304296595177684,0.236151743626025,"PEMT",1
"GO:0035967","cellular response to topologically incorrect protein","1/32","114/18986",0.0087719298245614,5.20449561403509,1.850065980338,0.175418037220076,0.304296595177684,0.236151743626025,"PACRG",1
"GO:0090277","positive regulation of peptide hormone secretion","1/32","114/18986",0.0087719298245614,5.20449561403509,1.850065980338,0.175418037220076,0.304296595177684,0.236151743626025,"RPH3AL",1
"GO:0045445","myoblast differentiation","1/32","115/18986",0.00869565217391304,5.15923913043478,1.83821034100671,0.176816226220127,0.304649578960354,0.236425679440853,"ACTL6B",1
"GO:0048477","oogenesis","1/32","115/18986",0.00869565217391304,5.15923913043478,1.83821034100671,0.176816226220127,0.304649578960354,0.236425679440853,"REC8",1
"GO:0002444","myeloid leukocyte mediated immunity","1/32","116/18986",0.00862068965517241,5.11476293103448,1.82649175040977,0.178212118370037,0.304993893854762,0.2366928876974,"CPLX2",1
"GO:0002793","positive regulation of peptide secretion","1/32","116/18986",0.00862068965517241,5.11476293103448,1.82649175040977,0.178212118370037,0.304993893854762,0.2366928876974,"RPH3AL",1
"GO:1903076","regulation of protein localization to plasma membrane","1/32","117/18986",0.00854700854700855,5.07104700854701,1.81490734232189,0.179605717321397,0.306121240668964,0.237567773976327,"CAMK2B",1
"GO:0007409","axonogenesis","2/32","459/18986",0.00435729847494553,2.58523965141612,1.41263047295238,0.180664984461358,0.306121240668964,0.237567773976327,"APLP1/RAB3A",2
"GO:0001824","blastocyst development","1/32","118/18986",0.00847457627118644,5.02807203389831,1.80345433483093,0.180997026720184,0.306121240668964,0.237567773976327,"PEMT",1
"GO:0010720","positive regulation of cell development","2/32","460/18986",0.00434782608695652,2.57961956521739,1.40919288582079,0.181271793494171,0.306121240668964,0.237567773976327,"ACTL6B/CAMK2B",2
"GO:0006417","regulation of translation","2/32","461/18986",0.00433839479392625,2.57402386117137,1.40576432522675,0.181878939776556,0.306132868930837,0.237576798179556,"APLP1/MSI1",2
"GO:0043500","muscle adaptation","1/32","122/18986",0.00819672131147541,4.86321721311475,1.75890344967989,0.186539441513205,0.311918410399129,0.242066712714288,"CAMK2B",1
"GO:0045582","positive regulation of T cell differentiation","1/32","122/18986",0.00819672131147541,4.86321721311475,1.75890344967989,0.186539441513205,0.311918410399129,0.242066712714288,"ACTL6B",1
"GO:0030326","embryonic limb morphogenesis","1/32","123/18986",0.00813008130081301,4.82367886178862,1.74806845302489,0.187919357642953,0.312178737452463,0.242268741552376,"B9D1",1
"GO:0035113","embryonic appendage morphogenesis","1/32","123/18986",0.00813008130081301,4.82367886178862,1.74806845302489,0.187919357642953,0.312178737452463,0.242268741552376,"B9D1",1
"GO:0007389","pattern specification process","2/32","476/18986",0.00420168067226891,2.49290966386555,1.35538803675456,0.191024761287355,0.316307234599192,0.245472693930436,"ODAD3/DNAI1",2
"GO:0006805","xenobiotic metabolic process","1/32","127/18986",0.0078740157480315,4.67175196850394,1.70586916231444,0.193416380262524,0.319230918879894,0.247741641896471,"CYP46A1",1
"GO:0006821","chloride transport","1/32","128/18986",0.0078125,4.63525390625,1.69559360781557,0.19478499343563,0.320452731136036,0.248689838817646,"SLC26A11",1
"GO:0008286","insulin receptor signaling pathway","1/32","130/18986",0.00769230769230769,4.56394230769231,1.67535716871418,0.197515473916581,0.323139106310471,0.25077462120276,"DNAI1",1
"GO:0051656","establishment of organelle localization","2/32","488/18986",0.00409836065573771,2.43160860655738,1.31644183682683,0.198389551207803,0.323139106310471,0.25077462120276,"CPLX2/RAB3A",2
"GO:0007264","small GTPase-mediated signal transduction","2/32","491/18986",0.00407331975560081,2.41675152749491,1.30688423639295,0.200236849488646,0.323139106310471,0.25077462120276,"RUNDC3A/IQSEC3",2
"GO:0002065","columnar/cuboidal epithelial cell differentiation","1/32","132/18986",0.00757575757575758,4.49479166666667,1.65552734076128,0.200236983744856,0.323139106310471,0.25077462120276,"B9D1",1
"GO:0003014","renal system process","1/32","132/18986",0.00757575757575758,4.49479166666667,1.65552734076128,0.200236983744856,0.323139106310471,0.25077462120276,"TMEM63C",1
"GO:0007127","meiosis I","1/32","132/18986",0.00757575757575758,4.49479166666667,1.65552734076128,0.200236983744856,0.323139106310471,0.25077462120276,"REC8",1
"GO:0022613","ribonucleoprotein complex biogenesis","2/32","492/18986",0.0040650406504065,2.41183943089431,1.30371386272815,0.200853130785136,0.323139106310471,0.25077462120276,"CELF3/CELF5",2
"GO:0098661","inorganic anion transmembrane transport","1/32","133/18986",0.0075187969924812,4.4609962406015,1.64576024020875,0.201594383581504,0.323311747253355,0.250908600551624,"SLC26A11",1
"GO:0051983","regulation of chromosome segregation","1/32","135/18986",0.00740740740740741,4.39490740740741,1.62651275422995,0.204302490886368,0.326627806746232,0.253482054358273,"ACTL6B",1
"GO:0048593","camera-type eye morphogenesis","1/32","136/18986",0.00735294117647059,4.36259191176471,1.61702894045329,0.205653205452791,0.327759796190386,0.254360543586347,"NRL",1
"GO:0045621","positive regulation of lymphocyte differentiation","1/32","137/18986",0.0072992700729927,4.33074817518248,1.60763619952697,0.207001698684913,0.328881203518087,0.255230820480497,"ACTL6B",1
"GO:0045739","positive regulation of DNA repair","1/32","138/18986",0.0072463768115942,4.29936594202899,1.59833292357781,0.208347974118204,0.329992132920136,0.256092965898805,"ACTL6B",1
"GO:0030218","erythrocyte differentiation","1/32","139/18986",0.00719424460431655,4.26843525179856,1.58911754479772,0.209692035282689,0.331092687288456,0.256947059691351,"P4HTM",1
"GO:0061982","meiosis I cell cycle process","1/32","140/18986",0.00714285714285714,4.23794642857143,1.57998853416251,0.211033885702965,0.332182968236149,0.257793180715773,"REC8",1
"GO:0006986","response to unfolded protein","1/32","143/18986",0.00699300699300699,4.14903846153846,1.55310497711348,0.2150462076632,0.336421981313595,0.261082899842955,"PACRG",1
"GO:0048813","dendrite morphogenesis","1/32","143/18986",0.00699300699300699,4.14903846153846,1.55310497711348,0.2150462076632,0.336421981313595,0.261082899842955,"CAMK2B",1
"GO:2000779","regulation of double-strand break repair","1/32","145/18986",0.00689655172413793,4.09181034482759,1.53558805094493,0.217710099622885,0.339472449124504,0.263450239155446,"ACTL6B",1
"GO:0043467","regulation of generation of precursor metabolites and energy","1/32","146/18986",0.00684931506849315,4.06378424657534,1.5269471622259,0.219038759291271,0.339472449124504,0.263450239155446,"PPP1R3F",1
"GO:0046887","positive regulation of hormone secretion","1/32","147/18986",0.00680272108843537,4.03613945578231,1.51838292672277,0.220365232736211,0.339472449124504,0.263450239155446,"RPH3AL",1
"GO:0007224","smoothened signaling pathway","1/32","148/18986",0.00675675675675676,4.00886824324324,1.50989408508869,0.221689523439139,0.339472449124504,0.263450239155446,"B9D1",1
"GO:0008203","cholesterol metabolic process","1/32","148/18986",0.00675675675675676,4.00886824324324,1.50989408508869,0.221689523439139,0.339472449124504,0.263450239155446,"CYP46A1",1
"GO:0046467","membrane lipid biosynthetic process","1/32","149/18986",0.00671140939597315,3.98196308724832,1.50147940722241,0.223011634876125,0.339472449124504,0.263450239155446,"PEMT",1
"GO:0034101","erythrocyte homeostasis","1/32","150/18986",0.00666666666666667,3.95541666666667,1.49313769139585,0.224331570517892,0.339472449124504,0.263450239155446,"P4HTM",1
"GO:0050714","positive regulation of protein secretion","1/32","150/18986",0.00666666666666667,3.95541666666667,1.49313769139585,0.224331570517892,0.339472449124504,0.263450239155446,"RPH3AL",1
"GO:0099175","regulation of postsynapse organization","1/32","150/18986",0.00666666666666667,3.95541666666667,1.49313769139585,0.224331570517892,0.339472449124504,0.263450239155446,"CAMK2B",1
"GO:0008584","male gonad development","1/32","151/18986",0.00662251655629139,3.92922185430464,1.48486776341346,0.225649333829817,0.339472449124504,0.263450239155446,"REC8",1
"GO:0035107","appendage morphogenesis","1/32","151/18986",0.00662251655629139,3.92922185430464,1.48486776341346,0.225649333829817,0.339472449124504,0.263450239155446,"B9D1",1
"GO:0035108","limb morphogenesis","1/32","151/18986",0.00662251655629139,3.92922185430464,1.48486776341346,0.225649333829817,0.339472449124504,0.263450239155446,"B9D1",1
"GO:0098656","monoatomic anion transmembrane transport","1/32","151/18986",0.00662251655629139,3.92922185430464,1.48486776341346,0.225649333829817,0.339472449124504,0.263450239155446,"SLC26A11",1
"GO:0046546","development of primary male sexual characteristics","1/32","152/18986",0.00657894736842105,3.90337171052632,1.47666847580186,0.226964928271943,0.340415094217784,0.26418178622474,"REC8",1
"GO:0006997","nucleus organization","1/32","153/18986",0.0065359477124183,3.87785947712418,1.46853870702843,0.228278357298984,0.340415094217784,0.26418178622474,"CELF3",1
"GO:1904375","regulation of protein localization to cell periphery","1/32","153/18986",0.0065359477124183,3.87785947712418,1.46853870702843,0.228278357298984,0.340415094217784,0.26418178622474,"CAMK2B",1
"GO:0035264","multicellular organism growth","1/32","158/18986",0.00632911392405063,3.75514240506329,1.42889511520665,0.234813141750991,0.349037570362262,0.27087332601901,"ODAD3",1
"GO:0016125","sterol metabolic process","1/32","159/18986",0.00628930817610063,3.7315251572327,1.42116026828739,0.236113650539177,0.349037570362262,0.27087332601901,"CYP46A1",1
"GO:1902652","secondary alcohol metabolic process","1/32","159/18986",0.00628930817610063,3.7315251572327,1.42116026828739,0.236113650539177,0.349037570362262,0.27087332601901,"CYP46A1",1
"GO:0035966","response to topologically incorrect protein","1/32","160/18986",0.00625,3.708203125,1.41348775574844,0.237412017946769,0.349942569805932,0.271575657888608,"PACRG",1
"GO:0120254","olefinic compound metabolic process","1/32","163/18986",0.00613496932515337,3.63995398773006,1.39083493375157,0.241294305983485,0.354640046258148,0.275221171089915,"CYP46A1",1
"GO:0010976","positive regulation of neuron projection development","1/32","164/18986",0.00609756097560976,3.61775914634146,1.38340256605172,0.242584141939949,0.355511242498201,0.275897269719966,"CAMK2B",1
"GO:0048592","eye morphogenesis","1/32","167/18986",0.00598802395209581,3.55276946107784,1.36144910863964,0.246440917121635,0.360128560836773,0.279480575592625,"NRL",1
"GO:0007292","female gamete generation","1/32","170/18986",0.00588235294117647,3.49007352941176,1.33999393230043,0.250278664217166,0.3646917678593,0.283021887956856,"REC8",1
"GO:0006665","sphingolipid metabolic process","1/32","173/18986",0.00578034682080925,3.42955202312139,1.31901604488628,0.25409747409112,0.365594313924679,0.283722315863115,"PEMT",1
"GO:0015748","organophosphate ester transport","1/32","173/18986",0.00578034682080925,3.42955202312139,1.31901604488628,0.25409747409112,0.365594313924679,0.283722315863115,"XKR7",1
"GO:0050796","regulation of insulin secretion","1/32","173/18986",0.00578034682080925,3.42955202312139,1.31901604488628,0.25409747409112,0.365594313924679,0.283722315863115,"RPH3AL",1
"GO:0015698","inorganic anion transport","1/32","174/18986",0.00574712643678161,3.40984195402299,1.31212603202253,0.255366218088839,0.365594313924679,0.283722315863115,"SLC26A11",1
"GO:0060041","retina development in camera-type eye","1/32","174/18986",0.00574712643678161,3.40984195402299,1.31212603202253,0.255366218088839,0.365594313924679,0.283722315863115,"NRL",1
"GO:0007338","single fertilization","1/32","175/18986",0.00571428571428571,3.39035714285714,1.30528614451992,0.256632871343206,0.365594313924679,0.283722315863115,"RAB3A",1
"GO:0043604","amide biosynthetic process","1/32","175/18986",0.00571428571428571,3.39035714285714,1.30528614451992,0.256632871343206,0.365594313924679,0.283722315863115,"PEMT",1
"GO:0046661","male sex differentiation","1/32","175/18986",0.00571428571428571,3.39035714285714,1.30528614451992,0.256632871343206,0.365594313924679,0.283722315863115,"REC8",1
"GO:0050806","positive regulation of synaptic transmission","1/32","176/18986",0.00568181818181818,3.37109375,1.29849569359494,0.257897437188563,0.366372403805479,0.284326158577627,"CYP46A1",1
"GO:0006820","monoatomic anion transport","1/32","177/18986",0.00564971751412429,3.35204802259887,1.29175400389341,0.259159918954112,0.367143218518325,0.284924355341362,"SLC26A11",1
"GO:0046777","protein autophosphorylation","1/32","180/18986",0.00555555555555556,3.29618055555556,1.27181494302283,0.262934892986963,0.371459267100696,0.288273858472367,"CAMK2B",1
"GO:0002262","myeloid cell homeostasis","1/32","183/18986",0.00546448087431694,3.24214480874317,1.25229164083594,0.266691229660871,0.375725213058134,0.291584479070915,"P4HTM",1
"GO:0007189","adenylate cyclase-activating G protein-coupled receptor signaling pathway","1/32","184/18986",0.00543478260869565,3.22452445652174,1.24587342959647,0.267939215655173,0.376443526127102,0.292141931524851,"APLP1",1
"GO:0019827","stem cell population maintenance","1/32","186/18986",0.00537634408602151,3.18985215053763,1.23316784906364,0.270429018036007,0.378897799995504,0.294046589882992,"ACTL6B",1
"GO:0000724","double-strand break repair via homologous recombination","1/32","188/18986",0.00531914893617021,3.15591755319149,1.22063298666657,0.272910616136353,0.379233926376986,0.294307443380282,"REC8",1
"GO:0001764","neuron migration","1/32","189/18986",0.00529100529100529,3.13921957671958,1.21442821147676,0.274148346761081,0.379233926376986,0.294307443380282,"CAMK2B",1
"GO:0048736","appendage development","1/32","189/18986",0.00529100529100529,3.13921957671958,1.21442821147676,0.274148346761081,0.379233926376986,0.294307443380282,"B9D1",1
"GO:0060173","limb development","1/32","189/18986",0.00529100529100529,3.13921957671958,1.21442821147676,0.274148346761081,0.379233926376986,0.294307443380282,"B9D1",1
"GO:0098727","maintenance of cell number","1/32","190/18986",0.00526315789473684,3.12269736842105,1.20826449966593,0.275384036121279,0.379233926376986,0.294307443380282,"ACTL6B",1
"GO:0006694","steroid biosynthetic process","1/32","191/18986",0.00523560209424084,3.10634816753927,1.20214133273131,0.276617687474978,0.379233926376986,0.294307443380282,"CYP46A1",1
"GO:0045580","regulation of T cell differentiation","1/32","191/18986",0.00523560209424084,3.10634816753927,1.20214133273131,0.276617687474978,0.379233926376986,0.294307443380282,"ACTL6B",1
"GO:2000045","regulation of G1/S transition of mitotic cell cycle","1/32","191/18986",0.00523560209424084,3.10634816753927,1.20214133273131,0.276617687474978,0.379233926376986,0.294307443380282,"ACTL6B",1
"GO:0006109","regulation of carbohydrate metabolic process","1/32","193/18986",0.00518134715025907,3.07415803108808,1.19001460579813,0.27907888916987,0.380852277673453,0.295563377513351,"PPP1R3F",1
"GO:0000725","recombinational repair","1/32","194/18986",0.00515463917525773,3.0583118556701,1.18401005447296,0.280306446002018,0.380852277673453,0.295563377513351,"REC8",1
"GO:1905475","regulation of protein localization to membrane","1/32","194/18986",0.00515463917525773,3.0583118556701,1.18401005447296,0.280306446002018,0.380852277673453,0.295563377513351,"CAMK2B",1
"GO:1902107","positive regulation of leukocyte differentiation","1/32","195/18986",0.00512820512820513,3.04262820512821,1.17804406495833,0.281531977809592,0.380852277673453,0.295563377513351,"ACTL6B",1
"GO:1903708","positive regulation of hemopoiesis","1/32","195/18986",0.00512820512820513,3.04262820512821,1.17804406495833,0.281531977809592,0.380852277673453,0.295563377513351,"ACTL6B",1
"GO:0050954","sensory perception of mechanical stimulus","1/32","196/18986",0.00510204081632653,3.02710459183673,1.17211616319271,0.282755487825562,0.381495499447187,0.296062554782544,"RAB3A",1
"GO:0046474","glycerophospholipid biosynthetic process","1/32","197/18986",0.0050761421319797,3.0117385786802,1.16622588340388,0.283976979277908,0.381759034773518,0.296267073425888,"PEMT",1
"GO:0030324","lung development","1/32","198/18986",0.00505050505050505,2.99652777777778,1.16037276792222,0.285196455389628,0.381759034773518,0.296267073425888,"RAB3A",1
"GO:0071466","cellular response to xenobiotic stimulus","1/32","198/18986",0.00505050505050505,2.99652777777778,1.16037276792222,0.285196455389628,0.381759034773518,0.296267073425888,"CYP46A1",1
"GO:0140013","meiotic nuclear division","1/32","200/18986",0.005,2.9665625,1.14877623862947,0.287629374458315,0.38400780359618,0.298012247992082,"REC8",1
"GO:0030323","respiratory tube development","1/32","202/18986",0.00495049504950495,2.93719059405941,1.13732306922773,0.290054270716244,0.386193364441208,0.299708369514746,"RAB3A",1
"GO:0090276","regulation of peptide hormone secretion","1/32","204/18986",0.00490196078431373,2.90839460784314,1.12600987214719,0.292471169768793,0.386193364441208,0.299708369514746,"RPH3AL",1
"GO:0031396","regulation of protein ubiquitination","1/32","205/18986",0.0048780487804878,2.89420731707317,1.12040473574829,0.293676628323122,0.386193364441208,0.299708369514746,"BEX1",1
"GO:0051650","establishment of vesicle localization","1/32","205/18986",0.0048780487804878,2.89420731707317,1.12040473574829,0.293676628323122,0.386193364441208,0.299708369514746,"RAB3A",1
"GO:0120032","regulation of plasma membrane bounded cell projection assembly","1/32","205/18986",0.0048780487804878,2.89420731707317,1.12040473574829,0.293676628323122,0.386193364441208,0.299708369514746,"ODAD3",1
"GO:0002791","regulation of peptide secretion","1/32","207/18986",0.00483091787439614,2.86624396135266,1.10929539213042,0.296081579404926,0.386193364441208,0.299708369514746,"RPH3AL",1
"GO:0016051","carbohydrate biosynthetic process","1/32","207/18986",0.00483091787439614,2.86624396135266,1.10929539213042,0.296081579404926,0.386193364441208,0.299708369514746,"PPP1R3F",1
"GO:0060491","regulation of cell projection assembly","1/32","207/18986",0.00483091787439614,2.86624396135266,1.10929539213042,0.296081579404926,0.386193364441208,0.299708369514746,"ODAD3",1
"GO:0090087","regulation of peptide transport","1/32","207/18986",0.00483091787439614,2.86624396135266,1.10929539213042,0.296081579404926,0.386193364441208,0.299708369514746,"RPH3AL",1
"GO:0051091","positive regulation of DNA-binding transcription factor activity","1/32","208/18986",0.00480769230769231,2.85246394230769,1.10379040668767,0.297281078284475,0.386768749808883,0.300154901812466,"BEX1",1
"GO:0032869","cellular response to insulin stimulus","1/32","213/18986",0.00469483568075117,2.78550469483568,1.07674734573981,0.303248932669294,0.393529149265496,0.305401362484678,"DNAI1",1
"GO:0006643","membrane lipid metabolic process","1/32","218/18986",0.00458715596330275,2.72161697247706,1.05047479549615,0.309167675705796,0.400191661446589,0.31057185697403,"PEMT",1
"GO:0045637","regulation of myeloid cell differentiation","1/32","219/18986",0.0045662100456621,2.70918949771689,1.04530901954796,0.310345565431788,0.400699337646106,0.310965843044243,"P4HTM",1
"GO:1902806","regulation of cell cycle G1/S phase transition","1/32","220/18986",0.00454545454545455,2.696875,1.04017206814682,0.311521509477516,0.401201944024074,0.311355894639942,"ACTL6B",1
"GO:0007601","visual perception","1/32","222/18986",0.0045045045045045,2.67257882882883,1.02998339234369,0.313867572965112,0.401637216207561,0.311693691009377,"NRL",1
"GO:1903046","meiotic cell cycle process","1/32","222/18986",0.0045045045045045,2.67257882882883,1.02998339234369,0.313867572965112,0.401637216207561,0.311693691009377,"REC8",1
"GO:0045619","regulation of lymphocyte differentiation","1/32","223/18986",0.00448430493273543,2.66059417040359,1.02493105663384,0.315037698613434,0.401637216207561,0.311693691009377,"ACTL6B",1
"GO:0072330","monocarboxylic acid biosynthetic process","1/32","224/18986",0.00446428571428571,2.64871651785714,1.01990632266408,0.316205890994416,0.401637216207561,0.311693691009377,"CYP46A1",1
"GO:0032259","methylation","1/32","225/18986",0.00444444444444444,2.63694444444444,1.01490889636743,0.317372153199308,0.401637216207561,0.311693691009377,"PEMT",1
"GO:0051648","vesicle localization","1/32","225/18986",0.00444444444444444,2.63694444444444,1.01490889636743,0.317372153199308,0.401637216207561,0.311693691009377,"RAB3A",1
"GO:0060541","respiratory system development","1/32","225/18986",0.00444444444444444,2.63694444444444,1.01490889636743,0.317372153199308,0.401637216207561,0.311693691009377,"RAB3A",1
"GO:0050953","sensory perception of light stimulus","1/32","226/18986",0.00442477876106195,2.62527654867257,1.00993848814761,0.31853648831458,0.402112893664445,0.31206284420605,"NRL",1
"GO:0006282","regulation of DNA repair","1/32","227/18986",0.00440528634361234,2.61371145374449,1.00499481279126,0.319698899421933,0.402583799272063,0.312428294171921,"ACTL6B",1
"GO:1902115","regulation of organelle assembly","1/32","234/18986",0.00427350427350427,2.5355235042735,0.971114529333855,0.327782162815768,0.4115843712259,0.319413258164992,"ODAD3",1
"GO:0000819","sister chromatid segregation","1/32","235/18986",0.00425531914893617,2.52473404255319,0.966374947816626,0.328929292230758,0.4115843712259,0.319413258164992,"ACTL6B",1
"GO:0008406","gonad development","1/32","236/18986",0.00423728813559322,2.51403601694915,0.961659715993897,0.330074525159594,0.4115843712259,0.319413258164992,"REC8",1
"GO:1903313","positive regulation of mRNA metabolic process","1/32","236/18986",0.00423728813559322,2.51403601694915,0.961659715993897,0.330074525159594,0.4115843712259,0.319413258164992,"CELF3",1
"GO:0042180","cellular ketone metabolic process","1/32","237/18986",0.00421940928270042,2.50342827004219,0.956968588090783,0.331217864636655,0.412002709669986,0.319737912974024,"CYP46A1",1
"GO:0006909","phagocytosis","1/32","239/18986",0.00418410041841004,2.48247907949791,0.947657678600008,0.333498875349501,0.413632603286942,0.321002804614841,"XKR7",1
"GO:0045017","glycerolipid biosynthetic process","1/32","240/18986",0.00416666666666667,2.47213541666667,0.943037422922136,0.334636552630603,0.413632603286942,0.321002804614841,"PEMT",1
"GO:0042445","hormone metabolic process","1/32","241/18986",0.004149377593361,2.461877593361,0.938440322855864,0.335772348550577,0.413632603286942,0.321002804614841,"CYP46A1",1
"GO:0045137","development of primary sexual characteristics","1/32","241/18986",0.004149377593361,2.461877593361,0.938440322855864,0.335772348550577,0.413632603286942,0.321002804614841,"REC8",1
"GO:0008654","phospholipid biosynthetic process","1/32","243/18986",0.00411522633744856,2.44161522633745,0.929314677994298,0.338038308346403,0.415420571702808,0.322390371434997,"PEMT",1
"GO:0099173","postsynapse organization","1/32","246/18986",0.0040650406504065,2.41183943089431,0.915794264046281,0.341423212954942,0.417314171546886,0.323859914348048,"CAMK2B",1
"GO:0002274","myeloid leukocyte activation","1/32","247/18986",0.00404858299595142,2.40207489878543,0.911331405965475,0.342547783775937,0.417314171546886,0.323859914348048,"CPLX2",1
"GO:0050769","positive regulation of neurogenesis","1/32","247/18986",0.00404858299595142,2.40207489878543,0.911331405965475,0.342547783775937,0.417314171546886,0.323859914348048,"CAMK2B",1
"GO:0022604","regulation of cell morphogenesis","1/32","248/18986",0.00403225806451613,2.39238911290323,0.906890168399794,0.343670494215083,0.417314171546886,0.323859914348048,"CAMK2B",1
"GO:1903320","regulation of protein modification by small protein conjugation or removal","1/32","248/18986",0.00403225806451613,2.39238911290323,0.906890168399794,0.343670494215083,0.417314171546886,0.323859914348048,"BEX1",1
"GO:1901873","regulation of post-translational protein modification","1/32","253/18986",0.00395256916996047,2.34510869565217,0.885001131672297,0.349256244769994,0.423089512666739,0.328341912822897,"BEX1",1
"GO:0090257","regulation of muscle system process","1/32","254/18986",0.00393700787401575,2.33587598425197,0.880685361912851,0.350367855305805,0.423430346459623,0.328606419543484,"CAMK2B",1
"GO:1901617","organic hydroxy compound biosynthetic process","1/32","255/18986",0.00392156862745098,2.32671568627451,0.876389819628992,0.351477626212821,0.423760947557668,0.328862985101514,"CYP46A1",1
"GO:0000082","G1/S transition of mitotic cell cycle","1/32","256/18986",0.00390625,2.317626953125,0.872114316412521,0.352585560437432,0.423760947557668,0.328862985101514,"ACTL6B",1
"GO:0051222","positive regulation of protein transport","1/32","257/18986",0.00389105058365759,2.30860894941634,0.867858666367416,0.353691660921469,0.423760947557668,0.328862985101514,"RPH3AL",1
"GO:0033044","regulation of chromosome organization","1/32","258/18986",0.00387596899224806,2.29966085271318,0.86362268606652,0.354795930602205,0.423760947557668,0.328862985101514,"ACTL6B",1
"GO:0051924","regulation of calcium ion transport","1/32","258/18986",0.00387596899224806,2.29966085271318,0.86362268606652,0.354795930602205,0.423760947557668,0.328862985101514,"CAMK2B",1
"GO:0050870","positive regulation of T cell activation","1/32","260/18986",0.00384615384615385,2.28197115384615,0.85520901307956,0.356998989280142,0.425395991899234,0.330131874002295,"ACTL6B",1
"GO:0046883","regulation of hormone secretion","1/32","261/18986",0.00383141762452107,2.27322796934866,0.851030965506354,0.358097784129177,0.425710652461259,0.330376068783145,"RPH3AL",1
"GO:0042593","glucose homeostasis","1/32","265/18986",0.00377358490566038,2.23891509433962,0.834506668194798,0.362474801652597,0.42991197405308,0.333636537139233,"RPH3AL",1
"GO:0033500","carbohydrate homeostasis","1/32","266/18986",0.0037593984962406,2.23049812030075,0.830421725143651,0.363564530104449,0.430203968337051,0.333863141578392,"RPH3AL",1
"GO:0032386","regulation of intracellular transport","1/32","272/18986",0.00367647058823529,2.18129595588235,0.806287094270927,0.370065105876787,0.435873450339865,0.338262987260659,"REEP2",1
"GO:0050708","regulation of protein secretion","1/32","272/18986",0.00367647058823529,2.18129595588235,0.806287094270927,0.370065105876787,0.435873450339865,0.338262987260659,"RPH3AL",1
"GO:0007188","adenylate cyclase-modulating G protein-coupled receptor signaling pathway","1/32","274/18986",0.00364963503649635,2.16537408759124,0.79838135475745,0.372217635510837,0.437398603941307,0.339446594596349,"APLP1",1
"GO:0032868","response to insulin","1/32","276/18986",0.0036231884057971,2.14968297101449,0.790543182451655,0.374363038900435,0.438908390434993,0.340618276168333,"DNAI1",1
"GO:0090150","establishment of protein localization to membrane","1/32","280/18986",0.00357142857142857,2.11897321428571,0.775064941744268,0.378632558210754,0.442895882310745,0.343712800307203,"REEP2",1
"GO:1903039","positive regulation of leukocyte cell-cell adhesion","1/32","284/18986",0.00352112676056338,2.08912852112676,0.759843454265472,0.382873845630645,0.44683217682295,0.346767592333187,"ACTL6B",1
"GO:0090596","sensory organ morphogenesis","1/32","285/18986",0.00350877192982456,2.08179824561403,0.756077195854451,0.383929777452901,0.447041521691734,0.346930056049725,"NRL",1
"GO:0044843","cell cycle G1/S phase transition","1/32","287/18986",0.00348432055749129,2.06729094076655,0.748590708644839,0.38603639276068,0.448470524619469,0.348039044905924,"ACTL6B",1
"GO:0007548","sex differentiation","1/32","292/18986",0.00342465753424658,2.03189212328767,0.730137165809055,0.391272446472653,0.453019315676617,0.351569169647901,"REC8",1
"GO:0006650","glycerophospholipid metabolic process","1/32","294/18986",0.00340136054421769,2.01806972789116,0.722858271235864,0.39335473273969,0.453019315676617,0.351569169647901,"PEMT",1
"GO:0051054","positive regulation of DNA metabolic process","1/32","295/18986",0.00338983050847458,2.01122881355932,0.719240321895618,0.394393286589055,0.453019315676617,0.351569169647901,"ACTL6B",1
"GO:0051321","meiotic cell cycle","1/32","295/18986",0.00338983050847458,2.01122881355932,0.719240321895618,0.394393286589055,0.453019315676617,0.351569169647901,"REC8",1
"GO:0072659","protein localization to plasma membrane","1/32","295/18986",0.00338983050847458,2.01122881355932,0.719240321895618,0.394393286589055,0.453019315676617,0.351569169647901,"CAMK2B",1
"GO:0051962","positive regulation of nervous system development","1/32","297/18986",0.00336700336700337,1.99768518518519,0.712046847092504,0.396465229565172,0.454375881074692,0.352621942794807,"CAMK2B",1
"GO:0051056","regulation of small GTPase mediated signal transduction","1/32","300/18986",0.00333333333333333,1.97770833333333,0.701361017652803,0.399560273631114,0.456896277022125,0.354577915707573,"IQSEC3",1
"GO:0048608","reproductive structure development","1/32","309/18986",0.00323624595469256,1.92010517799353,0.670028084670011,0.408753430584933,0.466362974492876,0.361924620039879,"REC8",1
"GO:0050807","regulation of synapse organization","1/32","312/18986",0.00320512820512821,1.90164262820513,0.659816099007534,0.411787403204984,0.468775838469959,0.363797141929215,"CAMK2B",1
"GO:0061458","reproductive system development","1/32","313/18986",0.00319488817891374,1.89556709265176,0.65643707114321,0.412795371669022,0.468876702786639,0.363875418468063,"REC8",1
"GO:0002366","leukocyte activation involved in immune response","1/32","315/18986",0.00317460317460317,1.88353174603175,0.64971590420085,0.414806291146068,0.47011379663221,0.364835474785781,"CPLX2",1
"GO:0050803","regulation of synapse structure or activity","1/32","318/18986",0.00314465408805031,1.86576257861635,0.639725004090304,0.417810167000347,0.472468259800836,0.366662674272682,"CAMK2B",1
"GO:0002263","cell activation involved in immune response","1/32","319/18986",0.00313479623824451,1.85991379310345,0.636418571871418,0.418808135430601,0.472549002366386,0.366725335169786,"CPLX2",1
"GO:0030217","T cell differentiation","1/32","320/18986",0.003125,1.8541015625,0.633123926797269,0.419804446550022,0.472627522605985,0.36678627141352,"ACTL6B",1
"GO:0071375","cellular response to peptide hormone stimulus","1/32","321/18986",0.00311526479750779,1.84832554517134,0.6298409822123,0.420799103022238,0.472703838196788,0.366845496722378,"DNAI1",1
"GO:1904951","positive regulation of establishment of protein localization","1/32","327/18986",0.00305810397553517,1.81441131498471,0.610384286273736,0.426732442906896,0.478315485456081,0.371200459301314,"RPH3AL",1
"GO:0046394","carboxylic acid biosynthetic process","1/32","331/18986",0.00302114803625378,1.79248489425982,0.597636639058183,0.430655245195838,0.48165389265324,0.373791256217995,"CYP46A1",1
"GO:0008202","steroid metabolic process","1/32","334/18986",0.0029940119760479,1.77638473053892,0.588189634960693,0.433580268712323,0.482807722801932,0.374686695094997,"CYP46A1",1
"GO:0016053","organic acid biosynthetic process","1/32","334/18986",0.0029940119760479,1.77638473053892,0.588189634960693,0.433580268712323,0.482807722801932,0.374686695094997,"CYP46A1",1
"GO:0022409","positive regulation of cell-cell adhesion","1/32","336/18986",0.00297619047619048,1.76581101190476,0.581944649183155,0.435522191098922,0.482861559696631,0.374728475636601,"ACTL6B",1
"GO:0051251","positive regulation of lymphocyte activation","1/32","336/18986",0.00297619047619048,1.76581101190476,0.581944649183155,0.435522191098922,0.482861559696631,0.374728475636601,"ACTL6B",1
"GO:1902105","regulation of leukocyte differentiation","1/32","337/18986",0.0029673590504451,1.76057121661721,0.5788378389862,0.436490732111514,0.48288562554636,0.374747152126793,"ACTL6B",1
"GO:0030198","extracellular matrix organization","1/32","339/18986",0.00294985250737463,1.75018436578171,0.572655220768362,0.438422986745858,0.482928127949001,0.374780136447522,"APLP1",1
"GO:0048872","homeostasis of number of cells","1/32","339/18986",0.00294985250737463,1.75018436578171,0.572655220768362,0.438422986745858,0.482928127949001,0.374780136447522,"P4HTM",1
"GO:0043062","extracellular structure organization","1/32","340/18986",0.00294117647058824,1.74503676470588,0.569579269646958,0.439386705543741,0.482946594455405,0.374794467523699,"APLP1",1
"GO:0045229","external encapsulating structure organization","1/32","341/18986",0.00293255131964809,1.73991935483871,0.566513462973988,0.440348822106146,0.48296322424545,0.374807373201836,"APLP1",1
"GO:0031400","negative regulation of protein modification process","1/32","342/18986",0.00292397660818713,1.73483187134503,0.563457730970971,0.441309339011086,0.482978031964922,0.374818864847906,"BEX1",1
"GO:0016042","lipid catabolic process","1/32","351/18986",0.00284900284900285,1.690349002849,0.536398325379995,0.449882429961684,0.491285932721762,0.381266275961574,"CYP46A1",1
"GO:0006310","DNA recombination","1/32","352/18986",0.00284090909090909,1.685546875,0.533439650254272,0.450827091203499,0.491285932721762,0.381266275961574,"REC8",1
"GO:0015980","energy derivation by oxidation of organic compounds","1/32","356/18986",0.00280898876404494,1.66660814606742,0.521697841439269,0.454590045827426,0.494258372766755,0.383573061218369,"PPP1R3F",1
"GO:0046942","carboxylic acid transport","1/32","357/18986",0.00280112044817927,1.66193977591036,0.518785306429749,0.45552687451951,0.494258372766755,0.383573061218369,"SLC26A11",1
"GO:0015849","organic acid transport","1/32","358/18986",0.00279329608938547,1.65729748603352,0.515881818039859,0.456462144261062,0.494258372766755,0.383573061218369,"SLC26A11",1
"GO:1990778","protein localization to cell periphery","1/32","362/18986",0.00276243093922652,1.63898480662983,0.50435715635712,0.460187683876495,0.495092105659049,0.384220086125495,"CAMK2B",1
"GO:0006066","alcohol metabolic process","1/32","363/18986",0.00275482093663912,1.6344696969697,0.501498025138698,0.461115196447154,0.495092105659049,0.384220086125495,"CYP46A1",1
"GO:0031346","positive regulation of cell projection organization","1/32","363/18986",0.00275482093663912,1.6344696969697,0.501498025138698,0.461115196447154,0.495092105659049,0.384220086125495,"CAMK2B",1
"GO:0051090","regulation of DNA-binding transcription factor activity","1/32","363/18986",0.00275482093663912,1.6344696969697,0.501498025138698,0.461115196447154,0.495092105659049,0.384220086125495,"BEX1",1
"GO:1901990","regulation of mitotic cell cycle phase transition","1/32","368/18986",0.00271739130434783,1.61226222826087,0.487331760036178,0.465729649811645,0.49899605336962,0.387249775164039,"ACTL6B",1
"GO:0002696","positive regulation of leukocyte activation","1/32","371/18986",0.00269541778975741,1.59922506738544,0.478933547929808,0.468479923433832,0.500890484174537,0.388719962950724,"ACTL6B",1
"GO:0006644","phospholipid metabolic process","1/32","374/18986",0.00267379679144385,1.58639705882353,0.470609743196439,0.471216479638873,0.50268073146537,0.390109298309554,"PEMT",1
"GO:0044282","small molecule catabolic process","1/32","375/18986",0.00266666666666667,1.58216666666667,0.467851435453875,0.47212562818022,0.50268073146537,0.390109298309554,"CYP46A1",1
"GO:0050767","regulation of neurogenesis","1/32","383/18986",0.00261096605744125,1.54911879895561,0.446071069704964,0.479344504420958,0.509303535947268,0.395248977329562,"CAMK2B",1
"GO:0046486","glycerolipid metabolic process","1/32","385/18986",0.0025974025974026,1.54107142857143,0.440703674539982,0.481134225778238,0.510142318392727,0.395899920981765,"PEMT",1
"GO:0050867","positive regulation of cell activation","1/32","391/18986",0.00255754475703325,1.51742327365729,0.424781993231294,0.486467703962642,0.514461128658224,0.399251567338477,"ACTL6B",1
"GO:1903037","regulation of leukocyte cell-cell adhesion","1/32","392/18986",0.00255102040816327,1.51355229591837,0.422154231767912,0.487351437948832,0.514461128658224,0.399251567338477,"ACTL6B",1
"GO:0050863","regulation of T cell activation","1/32","393/18986",0.00254452926208651,1.5097010178117,0.41953373946927,0.488233698569765,0.514461128658224,0.399251567338477,"ACTL6B",1
"GO:0010959","regulation of metal ion transport","1/32","408/18986",0.00245098039215686,1.45419730392157,0.381070215849936,0.501292411819535,0.527132226861779,0.409085071826685,"CAMK2B",1
"GO:0030900","forebrain development","1/32","416/18986",0.00240384615384615,1.42623197115385,0.361174090399786,0.508124465195674,0.533217031378177,0.413807231781619,"APLP1",1
"GO:0030098","lymphocyte differentiation","1/32","426/18986",0.00234741784037559,1.39275234741784,0.336871643061532,0.516537108159226,0.540932084519929,0.419794558884403,"ACTL6B",1
"GO:0007159","leukocyte cell-cell adhesion","1/32","430/18986",0.00232558139534884,1.37979651162791,0.327320246158451,0.519862990017304,0.543299436288576,0.421631760669772,"ACTL6B",1
"GO:0043254","regulation of protein-containing complex assembly","1/32","433/18986",0.0023094688221709,1.37023672055427,0.320218351984446,0.522342844847624,0.544774746160099,0.4227766863905,"SYP",1
"GO:0042060","wound healing","1/32","444/18986",0.00225225225225225,1.33628941441441,0.294615943434474,0.531329928320435,0.550721016622432,0.427391335913384,"RAB3A",1
"GO:0006816","calcium ion transport","1/32","445/18986",0.00224719101123596,1.33328651685393,0.29232167927627,0.532138764599895,0.550721016622432,0.427391335913384,"CAMK2B",1
"GO:0043434","response to peptide hormone","1/32","446/18986",0.00224215246636771,1.33029708520179,0.290032828073202,0.532946248529176,0.550721016622432,0.427391335913384,"DNAI1",1
"GO:0051223","regulation of protein transport","1/32","446/18986",0.00224215246636771,1.33029708520179,0.290032828073202,0.532946248529176,0.550721016622432,0.427391335913384,"RPH3AL",1
"GO:0000280","nuclear division","1/32","451/18986",0.00221729490022173,1.3155487804878,0.278668791107791,0.536963459392616,0.550721016622432,0.427391335913384,"REC8",1
"GO:0009410","response to xenobiotic stimulus","1/32","451/18986",0.00221729490022173,1.3155487804878,0.278668791107791,0.536963459392616,0.550721016622432,0.427391335913384,"CYP46A1",1
"GO:0030099","myeloid cell differentiation","1/32","451/18986",0.00221729490022173,1.3155487804878,0.278668791107791,0.536963459392616,0.550721016622432,0.427391335913384,"P4HTM",1
"GO:0007005","mitochondrion organization","1/32","452/18986",0.00221238938053097,1.31263827433628,0.276411835384943,0.537762875054846,0.550721016622432,0.427391335913384,"RAB3A",1
"GO:0010975","regulation of neuron projection development","1/32","452/18986",0.00221238938053097,1.31263827433628,0.276411835384943,0.537762875054846,0.550721016622432,0.427391335913384,"CAMK2B",1
"GO:0006869","lipid transport","1/32","459/18986",0.00217864923747277,1.29261982570806,0.260757849714367,0.543321466748954,0.555298493070073,0.430943722176156,"XKR7",1
"GO:0015711","organic anion transport","1/32","462/18986",0.00216450216450216,1.28422619047619,0.254125091234805,0.54568384697044,0.5562854754829,0.43170967756774,"SLC26A11",1
"GO:0051960","regulation of nervous system development","1/32","463/18986",0.00215982721382289,1.2814524838013,0.2519241312185,0.546468672974378,0.5562854754829,0.43170967756774,"CAMK2B",1
"GO:0003012","muscle system process","1/32","465/18986",0.0021505376344086,1.27594086021505,0.247537001655768,0.548034386667088,0.556768002390867,0.432084146334295,"CAMK2B",1
"GO:0044772","mitotic cell cycle phase transition","1/32","467/18986",0.00214132762312634,1.27047644539615,0.243169429834693,0.549594863439187,0.557243300902556,0.432453005447597,"ACTL6B",1
"GO:0043603","amide metabolic process","1/32","472/18986",0.00211864406779661,1.25701800847458,0.232334805618147,0.553473254965167,0.560062222286181,0.434640651351092,"PEMT",1
"GO:1901987","regulation of cell cycle phase transition","1/32","479/18986",0.00208768267223382,1.23864822546973,0.217364094033401,0.558848694400859,0.564035284461162,0.43772397720825,"ACTL6B",1
"GO:0043269","regulation of monoatomic ion transport","1/32","480/18986",0.00208333333333333,1.23606770833333,0.215243861922012,0.559611478308526,0.564035284461162,0.43772397720825,"CAMK2B",1
"GO:0002443","leukocyte mediated immunity","1/32","485/18986",0.00206185567010309,1.22332474226804,0.204710425474749,0.563406272767537,0.566740037695155,0.439823022029677,"CPLX2",1
"GO:0006091","generation of precursor metabolites and energy","1/32","490/18986",0.00204081632653061,1.21084183673469,0.194287909011312,0.567169381090297,0.56940233140955,0.441889115810095,"PPP1R3F",1
"GO:1903829","positive regulation of protein localization","1/32","497/18986",0.00201207243460765,1.19378772635815,0.179877814473835,0.572384987285715,0.573509515747966,0.445076528217203,"RPH3AL",1
"GO:0045785","positive regulation of cell adhesion","1/32","499/18986",0.00200400801603206,1.18900300601202,0.175798682282834,0.573863943233604,0.573863943233604,0.445351584428968,"ACTL6B",1
